,전통주명,가격,용량,주종,도수,단맛,신맛,바디감,향,청량감,균형감,목넘김,맛,잘 어울리는 음식,주원료,제조사,이미지
0,감그린 레귤러,"18,000",750ml,과실주,12.0,3.0,3.0,2.0,,3.0,,,,소고기류,감(국내산),,https://dthumb-phinf.pstatic.net/?src=%22https%3A%2F%2Fdbscthumb-phinf.pstatic.net%2F4776_000_1%2F20181013020715463_KGFK8VS9E.jpg%2Ffe87_281_i1.jpg%3Ftype%3Dw450_fst_n%22&twidth=226&theight=226&opts=10
1,감그린 스페셜,"25,000",750ml,과실주,12.0,3.0,3.0,3.0,,3.0,,,,소고기류,감(국내산),청도감와인,https://dthumb-phinf.pstatic.net/?src=%22https%3A%2F%2Fdbscthumb-phinf.pstatic.net%2F4776_000_2%2F20181017120058261_9LP7HYZZH.jpg%2Ffe87_282_i1.jpg%3Ftype%3Dw450_fst_n%22&twidth=226&theight=226&opts=10
2,감그린 아이스와인,"89,000",375ml,과실주,10.0,4.0,2.0,4.0,,2.0,,,,"모짜렐라 치즈, 카망베르, 스모키 치즈",감(국내산),청도감와인,https://dthumb-phinf.pstatic.net/?src=%22https%3A%2F%2Fdbscthumb-phinf.pstatic.net%2F4776_000_1%2F20181013022632085_JS0FG3HC4.jpg%2Ffe87_283_i1.jpg%3Ftype%3Dw450_fst_n%22&twidth=226&theight=226&opts=10
3,감악산 머루주,"28,000",360ml,과실주,12.0,4.0,4.0,3.0,,3.0,,,,"메기, 참게, 흑염소, 오리로스구이","국내산 산머루원액 78.5%, 주정",,https://dthumb-phinf.pstatic.net/?src=%22https%3A%2F%2Fdbscthumb-phinf.pstatic.net%2F4776_000_2%2F20200824185213299_9BJJMDYTE.jpg%2Ffe87_475_i1.jpg%3Ftype%3Dw450_fst_n%22&twidth=226&theight=226&opts=17
4,고도리 레드와인 스위트,"22,000",750ml,과실주,12.0,3.0,3.0,3.0,,2.0,,,,"육회, 수육, 불고기",MBA 머루포도(경북 영천),,https://dthumb-phinf.pstatic.net/?src=%22https%3A%2F%2Fdbscthumb-phinf.pstatic.net%2F4776_000_1%2F20181012232607390_PR1T3J94Y.jpg%2Ffe87_257_i1.jpg%3Ftype%3Dw450_fst_n%22&twidth=226&theight=226&opts=10
5,고도리 복숭아와인,"32,000",750ml,과실주,6.5,4.0,3.0,2.0,,3.0,,,,,복숭아(영천),고도리 와이너리,https://dthumb-phinf.pstatic.net/?src=%22https%3A%2F%2Fdbscthumb-phinf.pstatic.net%2F4776_000_1%2F20181012233303337_YH8EX1IYX.jpg%2Ffe87_258_i1.jpg%3Ftype%3Dw450_fst_n%22&twidth=226&theight=226&opts=10
6,고도리 화이트와인 드라이,"22,000",750ml,과실주,10.5,2.0,3.0,2.0,,3.0,,,,"생선회, 기름기가 적은 음식",거봉포도(영천),고도리 와이너리,https://dthumb-phinf.pstatic.net/?src=%22https%3A%2F%2Fdbscthumb-phinf.pstatic.net%2F4776_000_1%2F20181012231753430_BXL6O7JRO.jpg%2Ffe87_256_i1.jpg%3Ftype%3Dw450_fst_n%22&twidth=226&theight=226&opts=10
7,고도리 화이트와인 스위트,"22,000",750ml,과실주,10.5,4.0,3.0,2.0,,3.0,,,,,거봉포도(영천),고도리 와이너리,https://dthumb-phinf.pstatic.net/?src=%22https%3A%2F%2Fdbscthumb-phinf.pstatic.net%2F4776_000_1%2F20181012230912307_6HTQENADJ.jpg%2Ffe87_255_i1.jpg%3Ftype%3Dw450_fst_n%22&twidth=226&theight=226&opts=10
8,고창선운산 땡큐복분자주,"50,000",300ml,과실주,13.0,3.0,1.0,2.0,,3.0,,,,장어구이,"복분자과실, 주정, 효모, 구연산, 정제수",,https://dthumb-phinf.pstatic.net/?src=%22https%3A%2F%2Fdbscthumb-phinf.pstatic.net%2F4776_000_1%2F20181013002617552_ZEZTE1FR0.jpg%2Ffe87_267_i1.jpg%3Ftype%3Dw450_fst_n%22&twidth=226&theight=226&opts=10
9,고창선운산 땡큐블루베리주,"60,000",300ml,과실주,13.0,2.0,2.0,2.0,,2.0,,,,스테이크,"블루베리과실, 주정, 효모, 구연산, 정제수",고창선운산,https://dthumb-phinf.pstatic.net/?src=%22https%3A%2F%2Fdbscthumb-phinf.pstatic.net%2F4776_000_1%2F20181013004450642_1QTC63ZH8.jpg%2Ffe87_270_i1.jpg%3Ftype%3Dw450_fst_n%22&twidth=226&theight=226&opts=10
10,고창선운산 복분자주 특1호,"27,000",1800ml,과실주,15.0,3.0,1.0,2.0,,3.0,,,,장어구이,"복분자과실, 주정, 효모, 구연산, 정제수",고창선운산,https://dthumb-phinf.pstatic.net/?src=%22https%3A%2F%2Fdbscthumb-phinf.pstatic.net%2F4776_000_1%2F20181013003339078_RJJFXK3KF.jpg%2Ffe87_268_i1.jpg%3Ftype%3Dw450_fst_n%22&twidth=226&theight=226&opts=10
11,공주애 오디와인,"6,000",375ml,과실주,15.0,3.0,2.0,1.0,,3.0,,,,장어구이,"국내산 오디, 정제수, 주정, 과당, 효모",사곡양조원,https://dthumb-phinf.pstatic.net/?src=%22https%3A%2F%2Fdbscthumb-phinf.pstatic.net%2F4776_000_1%2F20181013030946221_6W66ZE0JB.jpg%2Ffe87_288_i1.jpg%3Ftype%3Dw450_fst_n%22&twidth=226&theight=226&opts=10
12,그랑꼬또 레드와인,"35,000",750ml,과실주,12.0,3.0,3.0,2.0,,3.0,,,,"생선, 나물",포도(캠벨얼리),,https://dthumb-phinf.pstatic.net/?src=%22https%3A%2F%2Fdbscthumb-phinf.pstatic.net%2F4776_000_2%2F20200824171811871_DI0RHX5YW.jpg%2Ffe87_439_i1.jpg%3Ftype%3Dw450_fst_n%22&twidth=226&theight=226&opts=17
13,그랑꼬또 로제와인,"21,000",750ml,과실주,12.0,2.0,3.0,3.0,,1.0,,,,조개요리,포도,그린영농조합,https://dthumb-phinf.pstatic.net/?src=%22https%3A%2F%2Fdbscthumb-phinf.pstatic.net%2F4776_000_1%2F20170522124437029_XHAF0B41O.jpg%2Ffe87_124_i1.jpg%3Ftype%3Dw450_fst_n%22&twidth=226&theight=226&opts=17
14,그랑꼬또 청수,"60,000",750ml,과실주,12.0,2.0,1.0,2.0,,3.0,,,,파스타,포도,그린영농조합,https://dthumb-phinf.pstatic.net/?src=%22https%3A%2F%2Fdbscthumb-phinf.pstatic.net%2F4776_000_1%2F20170522123956155_TUATO6CXE.jpg%2Ffe87_123_i1.jpg%3Ftype%3Dw450_fst_n%22&twidth=226&theight=226&opts=17
15,그랑꼬또 M56,"21,000",750ml,과실주,12.0,2.0,3.0,3.0,,1.0,,,,조개요리,포도(캠벨얼리),,https://dthumb-phinf.pstatic.net/?src=%22https%3A%2F%2Fdbscthumb-phinf.pstatic.net%2F4776_000_1%2F20170522125019915_X9OP9CNG9.jpg%2Ffe87_125_i1.jpg%3Ftype%3Dw450_fst_n%22&twidth=226&theight=226&opts=17
16,그랑티그르 S1974,"40,000",750ml,과실주,12.0,1.0,3.0,2.0,,2.0,,,,스테이크,포도(캠벨얼리 100%),,https://dthumb-phinf.pstatic.net/?src=%22https%3A%2F%2Fdbscthumb-phinf.pstatic.net%2F4776_000_1%2F20170522205812223_JZUBPFCR5.JPG%2Ffe87_204_i1.JPG%3Ftype%3Dw450_fst_n%22&twidth=226&theight=226&opts=17
17,남산애 레드와인,"45,000",750ml,과실주,14.0,3.0,3.0,2.0,,3.0,,,,,"포도(캠벨얼리, MBA, 산머루)",,https://dthumb-phinf.pstatic.net/?src=%22https%3A%2F%2Fdbscthumb-phinf.pstatic.net%2F4776_000_2%2F20190726160504384_NN5Q6PCJP.jpg%2Ffe87_378_i1.jpg%3Ftype%3Dw450_fst_n%22&twidth=226&theight=226&opts=17
18,남산애 포트와인,"55,000",750ml,과실주,18.5,3.0,3.0,3.0,,2.0,,,,,"포도(캠벨얼리, MBA, 산머루)",예인화원,https://dthumb-phinf.pstatic.net/?src=%22https%3A%2F%2Fdbscthumb-phinf.pstatic.net%2F4776_000_2%2F20190726161108080_D0C8OEVJU.jpg%2Ffe87_380_i1.jpg%3Ftype%3Dw450_fst_n%22&twidth=226&theight=226&opts=17
19,내장산 복분자주 지통1호,"18,000",700ml,과실주,16.0,1.0,3.0,2.0,,,,3.0,,소고기,"복분자, 주정, 정제수, 설탕 등",내장산 복분자 영농조합,https://dthumb-phinf.pstatic.net/?src=%22https%3A%2F%2Fdbscthumb-phinf.pstatic.net%2F4776_000_1%2F20170113200213751_1O6QLOKTA.jpg%2Ffe87_043_i1.jpg%3Ftype%3Dw450_fst_n%22&twidth=226&theight=226&opts=10
20,다래와인 3004,"10,000",375ml,과실주,8.0,2.0,2.0,2.0,,1.0,,,,소고기 구이,참다래,오름주가,https://dthumb-phinf.pstatic.net/?src=%22https%3A%2F%2Fdbscthumb-phinf.pstatic.net%2F4776_000_1%2F20170522224552645_ZI3DDO3HU.JPG%2Ffe87_220_i1.JPG%3Ftype%3Dw450_fst_n%22&twidth=226&theight=226&opts=17
21,다래와인 7004S,"18,000",750ml,과실주,8.0,2.0,2.0,2.0,,1.0,,,,식사,참다래,오름주가,https://dthumb-phinf.pstatic.net/?src=%22https%3A%2F%2Fdbscthumb-phinf.pstatic.net%2F4776_000_1%2F20170522225420420_QHBESK3ZG.JPG%2Ffe87_221_i1.JPG%3Ftype%3Dw450_fst_n%22&twidth=226&theight=226&opts=17
22,도로시 머루주,"25,000",500ml,과실주,12.0,4.0,4.0,3.0,,3.0,,,,"삼계탕, 오리백숙","국내산 산머루원액 78.5%, 주정",산머루농원영농조합법인,https://dthumb-phinf.pstatic.net/?src=%22https%3A%2F%2Fdbscthumb-phinf.pstatic.net%2F4776_000_2%2F20200824185522414_4FHY0A4HO.jpg%2Ffe87_476_i1.jpg%3Ftype%3Dw450_fst_n%22&twidth=226&theight=226&opts=17
23,두레앙 와인,"15,000",750ml,과실주,12.0,2.0,2.0,2.0,,1.0,,,,"육류, 치즈",거봉포도원액,,https://dthumb-phinf.pstatic.net/?src=%22https%3A%2F%2Fdbscthumb-phinf.pstatic.net%2F4776_000_1%2F20170522154259145_FGEKAU6VD.JPG%2Ffe87_155_i1.JPG%3Ftype%3Dw450_fst_n%22&twidth=226&theight=226&opts=17
24,레돔 내추럴 스파클링 로제와인,"38,000",750ml,과실주,7.5,3.0,3.0,2.0,,4.0,,,,,포도,작은알자스,https://dthumb-phinf.pstatic.net/?src=%22https%3A%2F%2Fdbscthumb-phinf.pstatic.net%2F4776_000_2%2F20190726172533265_UUZLJ3IGE.jpg%2Ffe87_405_i1.jpg%3Ftype%3Dw450_fst_n%22&twidth=226&theight=226&opts=17
25,레돔 시드르,"32,000",750ml,과실주,6.0,3.0,3.0,2.0,,4.0,,,,,사과(100%),,https://dthumb-phinf.pstatic.net/?src=%22https%3A%2F%2Fdbscthumb-phinf.pstatic.net%2F4776_000_2%2F20190726172843804_0D03IMN8J.jpg%2Ffe87_406_i1.jpg%3Ftype%3Dw450_fst_n%22&twidth=226&theight=226&opts=17
26,맑은내일 Winery 단감명작,"20,000",750ml,과실주,7.0,3.0,2.0,2.0,,3.0,,,,"샐러드, 해산물, 케이크, 마카롱","단감(국내산_창녕), 정제수, 설탕, 효소제, 무수구연산, 효모, 무수아황산(산아방지제), 소브산(보존료)",우포의 아침 주식회사,https://dthumb-phinf.pstatic.net/?src=%22https%3A%2F%2Fdbscthumb-phinf.pstatic.net%2F4776_000_3%2F20220323114554702_VMLR890DG.png%2Ffe87_536_i1.png%3Ftype%3Dw450_fst_n%22&twidth=226&theight=226&opts=17
27,명작 복분자,"78,000",375ml,과실주,13.0,3.0,1.0,1.0,,1.0,,,,파이,"복분자, 효모, 주정, 정제수, 과당, 구연산",,https://dthumb-phinf.pstatic.net/?src=%22https%3A%2F%2Fdbscthumb-phinf.pstatic.net%2F4776_000_1%2F20170522122544936_M8DFBY9V9.jpg%2Ffe87_120_i1.jpg%3Ftype%3Dw450_fst_n%22&twidth=226&theight=226&opts=17
28,미소 아이스,"40,000",375ml,과실주,12.0,4.0,1.0,3.0,,2.0,,,,,"포도, 산화방지제, 효모",도란원,https://dthumb-phinf.pstatic.net/?src=%22https%3A%2F%2Fdbscthumb-phinf.pstatic.net%2F4776_000_1%2F20170113195656055_E6HTARPXC.jpg%2Ffe87_034_i1.jpg%3Ftype%3Dw450_fst_n%22&twidth=226&theight=226&opts=10
29,백이주,"30,000",800ml,과실주,35.0,2.0,2.0,3.0,,1.0,,,,"김치찜, 탕, 찌개류","쌀(국산), 홍마늘액(국산), 감초(국산), 개량누룩(국산), 효모, 정제효소제, 정제수, 밀함유",농업회사법인(주)세찬,https://dthumb-phinf.pstatic.net/?src=%22https%3A%2F%2Fdbscthumb-phinf.pstatic.net%2F4776_000_3%2F20220323113956711_9PAKZKGR0.png%2Ffe87_533_i1.png%3Ftype%3Dw450_fst_n%22&twidth=226&theight=226&opts=17
30,뱅꼬레 레드와인,"25,000",375ml,과실주,12.0,3.0,4.0,2.0,,2.0,,,,"불고기, 수육, 어복쟁반",양조용포도(영천),한국와인,https://dthumb-phinf.pstatic.net/?src=%22https%3A%2F%2Fdbscthumb-phinf.pstatic.net%2F4776_000_1%2F20181012205254131_OZN4S1OAO.jpg%2Ffe87_242_i1.jpg%3Ftype%3Dw450_fst_n%22&twidth=226&theight=226&opts=10
31,뱅꼬레 로제와인,"23,000",375ml,과실주,11.5,4.0,3.0,2.0,,3.0,,,,한정식,양조용포도(영천),한국와인,https://dthumb-phinf.pstatic.net/?src=%22https%3A%2F%2Fdbscthumb-phinf.pstatic.net%2F4776_000_1%2F20181012210240572_XK8VZYOLZ.jpg%2Ffe87_243_i1.jpg%3Ftype%3Dw450_fst_n%22&twidth=226&theight=226&opts=10
32,뱅꼬레 화이트와인,"23,000",375ml,과실주,11.0,4.0,3.0,2.0,,3.0,,,,"샐러드, 카르파쵸, 가벼운 튀김류",양조용포도(경북 영천),한국와인,https://dthumb-phinf.pstatic.net/?src=%22https%3A%2F%2Fdbscthumb-phinf.pstatic.net%2F4776_000_1%2F20181012211534314_ZPGFI2NWS.jpg%2Ffe87_244_i1.jpg%3Ftype%3Dw450_fst_n%22&twidth=226&theight=226&opts=10
33,베베마루 캠벨로제 스위트,"20,000",375ml,과실주,10.0,2.0,2.0,3.0,,1.0,,,,와인에 재워 놓은 붉은 고기,포도(캠벨얼리),월류원,https://dthumb-phinf.pstatic.net/?src=%22https%3A%2F%2Fdbscthumb-phinf.pstatic.net%2F4776_000_1%2F20170522204813842_X33O0OUFO.JPG%2Ffe87_203_i1.JPG%3Ftype%3Dw450_fst_n%22&twidth=226&theight=226&opts=17
34,별바랑,"27,000",375ml,과실주,17.5,4.0,3.0,2.0,,3.0,,,,모짜렐라치즈,"국내산 찹쌀, 국내산 멥쌀, 누룩, 정제수",금계당,https://dthumb-phinf.pstatic.net/?src=%22https%3A%2F%2Fdbscthumb-phinf.pstatic.net%2F4776_000_2%2F20200824195506913_4EW1YOOHL.jpg%2Ffe87_498_i1.jpg%3Ftype%3Dw450_fst_n%22&twidth=226&theight=226&opts=17
35,복분자음,"6,000",375ml,과실주,12.0,2.0,2.0,3.0,,1.0,,,,삼계탕,"복분자(국내산), 정제수",배상면주가,https://dthumb-phinf.pstatic.net/?src=%22https%3A%2F%2Fdbscthumb-phinf.pstatic.net%2F4776_000_1%2F20170524104616975_CBQ4VJBPS.jpg%2Ffe87_172_i1.jpg%3Ftype%3Dw450_fst_n%22&twidth=226&theight=226&opts=10
36,복분자음,"6,000",375ml,과실주,12.0,2.0,2.0,3.0,,1.0,,,,삼계탕,"복분자(국내산), 정제수",배상면주가,https://dthumb-phinf.pstatic.net/?src=%22https%3A%2F%2Fdbscthumb-phinf.pstatic.net%2F5628_000_1%2F20181126161539815_SFJTUWC80.jpg%2Ffe115_23_i1.jpg%3Ftype%3Dw450_fst_n%22&twidth=226&theight=226&opts=10
37,블루베리 이야기,"6,000",375ml,과실주,12.0,3.0,1.0,3.0,,1.0,,,,숯불구이,"국내산 산머루 50%, 블루베리 50%",농업회사법인산들벗(주),https://dthumb-phinf.pstatic.net/?src=%22https%3A%2F%2Fdbscthumb-phinf.pstatic.net%2F4776_000_1%2F20170522182136200_1TIF2FFWA.JPG%2Ffe87_180_i1.JPG%3Ftype%3Dw450_fst_n%22&twidth=226&theight=226&opts=17
38,샤토미소 로제 스위트,"20,000",375ml,과실주,12.0,3.0,1.0,2.0,,,,2.0,,초콜릿,"포도, 산화방지제, 효모, 설탕",,https://dthumb-phinf.pstatic.net/?src=%22https%3A%2F%2Fdbscthumb-phinf.pstatic.net%2F4776_000_1%2F20170113195718797_WKS9021BK.jpg%2Ffe87_035_i1.jpg%3Ftype%3Dw450_fst_n%22&twidth=226&theight=226&opts=10
39,샹스프랑보아즈,"150,000",500ml,과실주,13.0,1.0,4.0,4.0,,2.0,,,,"양념 소갈비, 육전","복분자(고창산), 구연산, 과당, 구연산, 아스파탐, 주정, 정제수",(주)선운산복분자주 흥진,https://dthumb-phinf.pstatic.net/?src=%22https%3A%2F%2Fdbscthumb-phinf.pstatic.net%2F4776_000_2%2F20190726142611986_W19AM5ZK0.jpg%2Ffe87_339_i1.jpg%3Ftype%3Dw450_fst_n%22&twidth=226&theight=226&opts=17
40,선운산 복분자와인,"6,000",300ml,과실주,13.0,4.0,4.0,2.0,,3.0,,,,장어구이,"복분자(고창산), 구연산, 과당, 구연산, 아스파탐, 주정, 정제수",,https://dthumb-phinf.pstatic.net/?src=%22https%3A%2F%2Fdbscthumb-phinf.pstatic.net%2F4776_000_2%2F20190726142128458_R9TXCIXD1.jpg%2Ffe87_337_i1.jpg%3Ftype%3Dw450_fst_n%22&twidth=226&theight=226&opts=10
41,선운산 복분자주,"25,000",375ml,과실주,16.0,4.0,4.0,2.0,,3.0,,,,"장어구이, 디저트, 치즈","복분자(고창산), 과당, 구연산, 아스파탐, 무수아황산",,https://dthumb-phinf.pstatic.net/?src=%22https%3A%2F%2Fdbscthumb-phinf.pstatic.net%2F4776_000_2%2F20190726141913121_CYKXHFPQT.jpg%2Ffe87_336_i1.jpg%3Ftype%3Dw450_fst_n%22&twidth=226&theight=226&opts=10
42,선운산 복분자주 프리미엄,"40,000",700ml,과실주,19.0,4.0,3.0,2.0,,3.0,,,,한우 수육,"복분자(고창산), 과당, 구연산, 아스파탐, 무수아황산",(주)선운산복분자주 흥진,https://dthumb-phinf.pstatic.net/?src=%22https%3A%2F%2Fdbscthumb-phinf.pstatic.net%2F4776_000_2%2F20190729165450101_WFS36KLAQ.jpg%2Ffe87_338_i1.jpg%3Ftype%3Dw450_fst_n%22&twidth=226&theight=226&opts=17
43,시나브로 드 글로리아,"25,000",750ml,과실주,12.0,3.0,3.0,2.0,,2.0,,,,"불고기, 육전, 가벼운 고기류",포도(캠벨얼리),불휘농장,https://dthumb-phinf.pstatic.net/?src=%22https%3A%2F%2Fdbscthumb-phinf.pstatic.net%2F4776_000_2%2F20190726150503562_RVKZWV96Y.jpg%2Ffe87_356_i1.jpg%3Ftype%3Dw450_fst_n%22&twidth=226&theight=226&opts=17
44,시나브로 레드 드라이,"25,000",750ml,과실주,12.0,2.0,3.0,3.0,,3.0,,,,"아귀찜, 꽃게무침",캠벨얼리,불휘농장,https://dthumb-phinf.pstatic.net/?src=%22https%3A%2F%2Fdbscthumb-phinf.pstatic.net%2F4776_000_2%2F20190726145624313_CSKB058I7.jpg%2Ffe87_353_i1.jpg%3Ftype%3Dw450_fst_n%22&twidth=226&theight=226&opts=17
45,시나브로 레드 스위트,"25,000",750ml,과실주,12.0,3.0,3.0,2.0,,3.0,,,,,포도(캠벨얼리),불휘농장,https://dthumb-phinf.pstatic.net/?src=%22https%3A%2F%2Fdbscthumb-phinf.pstatic.net%2F4776_000_2%2F20190726145910403_89WSJUOPT.jpg%2Ffe87_354_i1.jpg%3Ftype%3Dw450_fst_n%22&twidth=226&theight=226&opts=17
46,시나브로 로제와인,"30,000",500ml,과실주,10.0,,3.0,3.0,,3.0,,,,"샐러드, 새우튀김",포도(캠벨얼리),불휘농장,https://dthumb-phinf.pstatic.net/?src=%22https%3A%2F%2Fdbscthumb-phinf.pstatic.net%2F4776_000_2%2F20200824173040335_VW82KACHR.jpg%2Ffe87_444_i1.jpg%3Ftype%3Dw450_fst_n%22&twidth=226&theight=226&opts=17
47,시나브로 에뚜왈 로제 스파클링,"30,000",750ml,과실주,5.0,2.0,1.0,4.0,,1.0,,,,내온 수육,포도(캠벨얼리),불휘농장,https://dthumb-phinf.pstatic.net/?src=%22https%3A%2F%2Fdbscthumb-phinf.pstatic.net%2F4776_000_2%2F20200824172723957_FPBVJDEN8.jpg%2Ffe87_443_i1.jpg%3Ftype%3Dw450_fst_n%22&twidth=226&theight=226&opts=17
48,시나브로 에뚜왈 스파클링와인,"30,000",750ml,과실주,5.0,3.0,3.0,2.0,,4.0,,,,육류,포도(청수),,https://dthumb-phinf.pstatic.net/?src=%22https%3A%2F%2Fdbscthumb-phinf.pstatic.net%2F4776_000_2%2F20190726150217361_7F93IN9DO.jpg%2Ffe87_355_i1.jpg%3Ftype%3Dw450_fst_n%22&twidth=226&theight=226&opts=17
49,애피소드 상그리아,"21,000",500ml,과실주,3.5,4.0,4.0,2.0,,4.0,,,,쿠키,"포도와인, 정제주정, 정제수, 포도농축액, 고과당",㈜한국애플리즈,https://dthumb-phinf.pstatic.net/?src=%22https%3A%2F%2Fdbscthumb-phinf.pstatic.net%2F4776_000_1%2F20181012202824469_LOLM44XYG.jpg%2Ffe87_239_i1.jpg%3Ftype%3Dw450_fst_n%22&twidth=226&theight=226&opts=10
50,애피소드 애플,"21,000",500ml,과실주,3.5,4.0,4.0,2.0,,4.0,,,,"새우, 호박, 감자, 고구마, 오징어",사과,㈜한국애플리즈,https://dthumb-phinf.pstatic.net/?src=%22https%3A%2F%2Fdbscthumb-phinf.pstatic.net%2F4776_000_1%2F20181012201745789_LUKUYPH79.jpg%2Ffe87_238_i1.jpg%3Ftype%3Dw450_fst_n%22&twidth=226&theight=226&opts=10
51,예밀와인 레드 드라이,"20,000",750ml,과실주,13.0,1.0,1.0,3.0,,2.0,,,,고기구이,포도(캠벨얼리),,https://dthumb-phinf.pstatic.net/?src=%22https%3A%2F%2Fdbscthumb-phinf.pstatic.net%2F4776_000_2%2F20190726151335295_EUMQD5TZD.jpg%2Ffe87_359_i1.jpg%3Ftype%3Dw450_fst_n%22&twidth=226&theight=226&opts=17
52,예밀와인 레드 스위트,"20,000",750ml,과실주,12.0,4.0,1.0,3.0,,2.0,,,,달콤한 디저트,포도(캠벨얼리),예밀2리영농조합법인,https://dthumb-phinf.pstatic.net/?src=%22https%3A%2F%2Fdbscthumb-phinf.pstatic.net%2F4776_000_2%2F20190726151635198_TH9NUR4AA.jpg%2Ffe87_360_i1.jpg%3Ftype%3Dw450_fst_n%22&twidth=226&theight=226&opts=17
53,예밀와인 로제,"20,000",750ml,과실주,12.0,4.0,1.0,3.0,,2.0,,,,케익,포도(캠벨얼리),,https://dthumb-phinf.pstatic.net/?src=%22https%3A%2F%2Fdbscthumb-phinf.pstatic.net%2F4776_000_2%2F20190726151951004_ZB35HZFOU.jpg%2Ffe87_361_i1.jpg%3Ftype%3Dw450_fst_n%22&twidth=226&theight=226&opts=17
54,예주,"29,000",750ml,과실주,15.0,1.0,3.0,3.0,,1.0,,,,소고기 소금구이,"복분자, 주정, 효모, 정제수",용두산조은술,https://dthumb-phinf.pstatic.net/?src=%22https%3A%2F%2Fdbscthumb-phinf.pstatic.net%2F4776_000_1%2F20170522202708256_NEGIGMXLM.jpg%2Ffe87_200_i1.jpg%3Ftype%3Dw450_fst_n%22&twidth=226&theight=226&opts=17
55,오디랑,"4,000",330ml,과실주,13.0,3.0,1.0,1.0,,,,3.0,,양념 고기,"오디(국산) 18.2%, 정제수, 과당, 주정, 구연산, 효모",,https://dthumb-phinf.pstatic.net/?src=%22https%3A%2F%2Fdbscthumb-phinf.pstatic.net%2F4776_000_1%2F20170424210628840_5P6FYK1IO.jpg%2Ffe87_103_i1.jpg%3Ftype%3Dw450_fst_n%22&twidth=226&theight=226&opts=10
56,오미로제 스파클링와인,"99,000",750ml,과실주,12.0,2.0,5.0,4.0,,,,,,"편육냉채,잣즙냉채",국내산 오미자,,https://dthumb-phinf.pstatic.net/?src=%22https%3A%2F%2Fdbscthumb-phinf.pstatic.net%2F5628_000_1%2F20181126162534825_0WQNBIZN7.jpg%2Ffe115_27_i1.jpg%3Ftype%3Dw450_fst_n%22&twidth=226&theight=226&opts=10
57,자두와인,"22,000",750ml,과실주,12.0,,,,,,,,,"감자부각, 사과숙",국내산 자두,자두사랑,https://dthumb-phinf.pstatic.net/?src=%22https%3A%2F%2Fdbscthumb-phinf.pstatic.net%2F5628_000_1%2F20181126164037262_PEVFH0ZYU.jpg%2Ffe115_28_i1.jpg%3Ftype%3Dw450_fst_n%22&twidth=226&theight=226&opts=10
58,자두와인 레드,"22,000",750ml,과실주,12.0,2.0,3.0,2.0,,2.0,,,,피자,피자두,,https://dthumb-phinf.pstatic.net/?src=%22https%3A%2F%2Fdbscthumb-phinf.pstatic.net%2F4776_000_1%2F20170522213000427_1DVRPIY7Y.JPG%2Ffe87_209_i1.JPG%3Ftype%3Dw450_fst_n%22&twidth=226&theight=226&opts=17
59,장수 오미자주,"5,400",360ml,과실주,16.5,3.0,4.0,3.0,,4.0,,,,"버섯요리, 송이버섯 전골","오미자(국내산), 정제수, 주정, 설탕, 효모",,https://dthumb-phinf.pstatic.net/?src=%22https%3A%2F%2Fdbscthumb-phinf.pstatic.net%2F4776_000_2%2F20200824184310218_GOXOSG7KK.jpg%2Ffe87_472_i1.jpg%3Ftype%3Dw450_fst_n%22&twidth=226&theight=226&opts=17
60,젤코바 스페셜와인,"17,000",375ml,과실주,11.5,2.0,4.0,3.0,,2.0,,,,"불고기, 양념갈비","국내산 산머루, MBA포도",젤코바와이너리,https://dthumb-phinf.pstatic.net/?src=%22https%3A%2F%2Fdbscthumb-phinf.pstatic.net%2F4776_000_2%2F20200824194508852_TA5UK3EUD.jpg%2Ffe87_494_i1.jpg%3Ftype%3Dw450_fst_n%22&twidth=226&theight=226&opts=17
61,추사 로제,"20,000",375ml,과실주,12.0,2.0,3.0,1.0,,2.0,,,,"애플파이, 과실 샐러드",사과(국내산),,https://dthumb-phinf.pstatic.net/?src=%22https%3A%2F%2Fdbscthumb-phinf.pstatic.net%2F4776_000_1%2F20181013073257168_GTC11D1XB.jpg%2Ffe87_326_i1.jpg%3Ftype%3Dw450_fst_n%22&twidth=226&theight=226&opts=10
62,추사 애플와인,"20,000",375ml,과실주,12.0,3.0,1.0,3.0,,2.0,,,,닭 백숙,사과(국내산),,https://dthumb-phinf.pstatic.net/?src=%22https%3A%2F%2Fdbscthumb-phinf.pstatic.net%2F4776_000_1%2F20170522200853977_IUGDKDS9Q.jpg%2Ffe87_197_i1.jpg%3Ftype%3Dw450_fst_n%22&twidth=226&theight=226&opts=17
63,컨츄리 산머루 와인 (드라이),"20,000",750ml,과실주,14.0,1.0,3.0,3.0,,,,2.0,,오리구이,국산 산머루원액 100%,,https://dthumb-phinf.pstatic.net/?src=%22https%3A%2F%2Fdbscthumb-phinf.pstatic.net%2F4776_000_1%2F20170113195607818_CKBBLWB0P.jpg%2Ffe87_033_i1.jpg%3Ftype%3Dw450_fst_n%22&twidth=226&theight=226&opts=17
64,한스오차드 사과와인,"20,000",750ml,과실주,11.0,4.0,3.0,2.0,,2.0,,,,"치즈, 과일 안주",사과,㈜한국애플리즈,https://dthumb-phinf.pstatic.net/?src=%22https%3A%2F%2Fdbscthumb-phinf.pstatic.net%2F4776_000_1%2F20181012200838946_H1X4KZ6Q2.jpg%2Ffe87_237_i1.jpg%3Ftype%3Dw450_fst_n%22&twidth=226&theight=226&opts=10
65,혼디주,"8,000",330ml,과실주,12.0,4.0,3.0,2.0,,3.0,,,,제주도 흑돼지 구이,"제주산감귤, 백설탕, 구연산, 무수아황산",㈜시트러스,https://dthumb-phinf.pstatic.net/?src=%22https%3A%2F%2Fdbscthumb-phinf.pstatic.net%2F4776_000_2%2F20190726162102298_R3BVYYX0H.jpg%2Ffe87_384_i1.jpg%3Ftype%3Dw450_fst_n%22&twidth=226&theight=226&opts=10
66,경기전,"27,000",1000ml,기타주류,5.0,2.0,3.0,2.0,,4.0,,,,맥주에 어울리는 모든 안주,"국내산 보리, 맥아, 호프펠렛, 효모, 정제효소제, 정제수",전주술로시티,https://dthumb-phinf.pstatic.net/?src=%22https%3A%2F%2Fdbscthumb-phinf.pstatic.net%2F4776_000_2%2F20190726164131942_XWHIQE8F0.jpg%2Ffe87_390_i1.jpg%3Ftype%3Dw450_fst_n%22&twidth=226&theight=226&opts=10
67,김천 과하주 23도,"22,000",700ml,기타주류,23.0,,,2.0,1.0,,,,1,매운탕,"멥쌀, 누룩, 샘물, 황국잎",,https://dthumb-phinf.pstatic.net/?src=%22https%3A%2F%2Fdbscthumb-phinf.pstatic.net%2F4776_000_1%2F20170522133208131_BVC138A22.jpg%2Ffe87_131_i1.jpg%3Ftype%3Dw450_fst_n%22&twidth=226&theight=226&opts=17
68,녹고의 눈물,"23,000",700ml,기타주류,16.0,2.0,,3.0,2.0,,,,,생선 조림,섬오가피,토향,https://dthumb-phinf.pstatic.net/?src=%22https%3A%2F%2Fdbscthumb-phinf.pstatic.net%2F5628_000_1%2F20181126165143648_T2YYK0VX8.jpg%2Ffe115_37_i1.jpg%3Ftype%3Dw450_fst_n%22&twidth=226&theight=226&opts=10
69,녹고의 눈물,"23,000",700ml,기타주류,16.0,2.0,,3.0,2.0,,,,,생선 조림,섬오가피,토향,https://dthumb-phinf.pstatic.net/?src=%22https%3A%2F%2Fdbscthumb-phinf.pstatic.net%2F4776_000_1%2F20170522134318810_WS6FN4DP8.jpg%2Ffe87_133_i1.jpg%3Ftype%3Dw450_fst_n%22&twidth=226&theight=226&opts=17
70,매아랑,,750ml,기타주류,9.0,,,,,,,,,"매실초고추장 생선회무침, 언양불고기",국내산 매실,하동매실 영농조합법인,https://dthumb-phinf.pstatic.net/?src=%22https%3A%2F%2Fdbscthumb-phinf.pstatic.net%2F5628_000_1%2F20181126164137075_V3139K0KA.jpg%2Ffe115_30_i1.jpg%3Ftype%3Dw450_fst_n%22&twidth=226&theight=226&opts=10
71,메로니아,"2,000",750ml,기타주류,4.0,4.0,1.0,2.0,,5.0,,,,,"국내산 쌀, 물엿, 합성착향료(메론향), 효모, 국, 혼합제제, 아스파탐, 젖산, 합성 향료(밀크향), 효소처리스테비아, 멜론농축액",배혜정도가,https://dthumb-phinf.pstatic.net/?src=%22https%3A%2F%2Fdbscthumb-phinf.pstatic.net%2F4776_000_1%2F20170112175143396_V1UQBALSO.jpg%2Ffe87_010_i1.jpg%3Ftype%3Dw450_fst_n%22&twidth=226&theight=226&opts=10
72,바나나 주,"1,700",750ml,기타주류,4.0,3.0,1.0,2.0,,3.0,,,,열대과일,"쌀, 국, 정제수, 바나나 농축액, 조제종국, 효모, 물엿",조은술 세종,https://dthumb-phinf.pstatic.net/?src=%22https%3A%2F%2Fdbscthumb-phinf.pstatic.net%2F4776_000_1%2F20170222175750402_1VRAABOR9.jpg%2Ffe87_021_i1.jpg%3Ftype%3Dw450_fst_n%22&twidth=226&theight=226&opts=10
73,백운 복분자 와인,"7,000",360ml,기타주류,11.0,2.0,2.0,1.0,,1.0,,,,중국음식,"쌀, 토종 복분자과즙",백운주가,https://dthumb-phinf.pstatic.net/?src=%22https%3A%2F%2Fdbscthumb-phinf.pstatic.net%2F4776_000_1%2F20170522175406242_4G4GK73HN.JPG%2Ffe87_176_i1.JPG%3Ftype%3Dw450_fst_n%22&twidth=226&theight=226&opts=17
74,백운 복분자주,"7,000",360ml,기타주류,13.0,3.0,2.0,2.0,,2.0,,,,탕수육,"쌀, 토종 복분자과즙",,https://dthumb-phinf.pstatic.net/?src=%22https%3A%2F%2Fdbscthumb-phinf.pstatic.net%2F4776_000_1%2F20170522174800230_1UOHVZX7W.JPG%2Ffe87_175_i1.JPG%3Ftype%3Dw450_fst_n%22&twidth=226&theight=226&opts=17
75,설궁,"23,000",700ml,기타주류,30.0,2.0,,2.0,2.0,,,,,조개구이,"자연산 송이버섯, 산양산삼, 토종벌꿀",솔래원,https://dthumb-phinf.pstatic.net/?src=%22https%3A%2F%2Fdbscthumb-phinf.pstatic.net%2F4776_000_1%2F20170522184214208_7L639XFXD.JPG%2Ffe87_183_i1.JPG%3Ftype%3Dw450_fst_n%22&twidth=226&theight=226&opts=17
76,세종 알밤주,"1,500",750ml,기타주류,6.0,4.0,1.0,2.0,,3.0,,,,야채 샐러드,"정제수, 백미, 소맥분, 알밤(국내산), 전분당, 효모, 젖산",조은술 세종,https://dthumb-phinf.pstatic.net/?src=%22https%3A%2F%2Fdbscthumb-phinf.pstatic.net%2F4776_000_1%2F20170224102143917_X3OALY906.jpg%2Ffe87_078_i1.jpg%3Ftype%3Dw450_fst_n%22&twidth=226&theight=226&opts=10
77,심플리 애플,"9,000",350ml,기타주류,12.0,,,1.0,4.0,,,2.0,4,"광어회, 냉채족발, 참소라","쌀(국산), 사과즙(국산), 벌꿀(국산)",,https://dthumb-phinf.pstatic.net/?src=%22https%3A%2F%2Fdbscthumb-phinf.pstatic.net%2F4776_000_3%2F20220323114451213_8THKI406F.jpg%2Ffe87_535_i1.jpg%3Ftype%3Dw450_fst_n%22&twidth=226&theight=226&opts=17
78,어우야,"9,900",365ml,기타주류,16.0,,,2.0,2.0,,,3.0,,,"야관문(제주산), 정제수, 포도당, 효모",,https://dthumb-phinf.pstatic.net/?src=%22https%3A%2F%2Fdbscthumb-phinf.pstatic.net%2F4776_000_2%2F20190726175031720_5I85E61YF.jpg%2Ffe87_414_i1.jpg%3Ftype%3Dw450_fst_n%22&twidth=226&theight=226&opts=17
79,오목대,"27,000",1000ml,기타주류,5.0,2.0,3.0,3.0,,4.0,,,,맥주와 어울리는 기름진 음식,"보리(국내산), 맥아(국내산), 말토텍스트린, 호프펠렛, 효모, 정제효소제, 정제수",농업회사법인 동문거리양조장(주),https://dthumb-phinf.pstatic.net/?src=%22https%3A%2F%2Fdbscthumb-phinf.pstatic.net%2F4776_000_2%2F20190726164456398_HJAU7T28E.jpg%2Ffe87_391_i1.jpg%3Ftype%3Dw450_fst_n%22&twidth=226&theight=226&opts=17
80,주몽 복분자주,"5,000",75ml,기타주류,16.0,3.0,1.0,3.0,,1.0,,,,케이크,"쌀, 복분자",,https://dthumb-phinf.pstatic.net/?src=%22https%3A%2F%2Fdbscthumb-phinf.pstatic.net%2F4776_000_1%2F20170522190434628_2I8OXAEUQ.JPG%2Ffe87_186_i1.JPG%3Ftype%3Dw450_fst_n%22&twidth=226&theight=226&opts=17
81,허니문와인,"35,000",375ml,기타주류,10.0,4.0,2.0,2.0,,2.0,,,,,벌꿀(국내산),아이비영농조합법인,https://dthumb-phinf.pstatic.net/?src=%22https%3A%2F%2Fdbscthumb-phinf.pstatic.net%2F4776_000_2%2F20190726142826916_D1DNI5FVF.jpg%2Ffe87_340_i1.jpg%3Ftype%3Dw450_fst_n%22&twidth=226&theight=226&opts=17
82,허니비 와인,"35,000",500ml,기타주류,8.0,3.0,1.0,2.0,,1.0,,,,,국내산 벌꿀,,https://dthumb-phinf.pstatic.net/?src=%22https%3A%2F%2Fdbscthumb-phinf.pstatic.net%2F4776_000_1%2F20170522193930712_01OXJVIXW.JPG%2Ffe87_192_i1.JPG%3Ftype%3Dw450_fst_n%22&twidth=226&theight=226&opts=17
83,녹천 소곡화주 500ml,"45,000",500ml,리큐르,41.0,,,3.0,3.0,,,,2,전골류,"찹쌀, 누룩, 백미, 정제수",녹천주조장,https://dthumb-phinf.pstatic.net/?src=%22https%3A%2F%2Fdbscthumb-phinf.pstatic.net%2F4776_000_1%2F20170522140715492_VMV2Q4NZL.JPG%2Ffe87_137_i1.JPG%3Ftype%3Dw450_fst_n%22&twidth=226&theight=226&opts=17
84,담솔,"22,000",500ml,리큐르,40.0,3.0,0.0,3.0,,3.0,,,,두부전골,"백미(함양산) 90%, 솔잎·송순(함양산) 10%",솔송주(명가원),https://dthumb-phinf.pstatic.net/?src=%22https%3A%2F%2Fdbscthumb-phinf.pstatic.net%2F4776_000_1%2F20170113195324979_3Z8A8HJA7.jpg%2Ffe87_025_i1.jpg%3Ftype%3Dw450_fst_n%22&twidth=226&theight=226&opts=17
85,담솔,"22,000",500ml,리큐르,40.0,3.0,0.0,3.0,,3.0,,,,두부전골,"백미(함양산) 90%, 솔잎·송순(함양산) 10%",솔송주(명가원),https://dthumb-phinf.pstatic.net/?src=%22https%3A%2F%2Fdbscthumb-phinf.pstatic.net%2F5628_000_1%2F20181126164103774_TZHNWP5WD.jpg%2Ffe115_29_i1.jpg%3Ftype%3Dw450_fst_n%22&twidth=226&theight=226&opts=10
86,동강더덕주,"3,500",360ml,리큐르,20.0,,,2.0,3.0,,,,3,더덕양념구이,"더덕, 대추구기자, 감초, 원지",영월더덕영농조합법인,https://dthumb-phinf.pstatic.net/?src=%22https%3A%2F%2Fdbscthumb-phinf.pstatic.net%2F4776_000_1%2F20170522200154735_59POOCI1V.jpg%2Ffe87_196_i1.jpg%3Ftype%3Dw450_fst_n%22&twidth=226&theight=226&opts=17
87,르깔롱,"35,000",500ml,리큐르,16.0,,,4.0,4.0,,,4.0,,열대과일,"정제수, 주정, 고과당, 죽력, 메론후레바, 레이지라임, 코코넛향, 윌튼스카이아이싱칼라",,https://dthumb-phinf.pstatic.net/?src=%22https%3A%2F%2Fdbscthumb-phinf.pstatic.net%2F4776_000_2%2F20200824175535796_H0JOTUVQC.jpg%2Ffe87_454_i1.jpg%3Ftype%3Dw450_fst_n%22&twidth=226&theight=226&opts=17
88,불소곡주,"30,000",700ml,리큐르,43.0,,,4.0,3.0,,,,2,전골,"찹쌀, 누룩, 백미, 정제수, 야국, 메주콩, 생강, 홍고추",,https://dthumb-phinf.pstatic.net/?src=%22https%3A%2F%2Fdbscthumb-phinf.pstatic.net%2F4776_000_1%2F20170522120402956_SI6QIFFEE.jpg%2Ffe87_109_i1.jpg%3Ftype%3Dw450_fst_n%22&twidth=226&theight=226&opts=10
89,산내울 복분자주,"20,000",750ml,리큐르,16.0,4.0,4.0,3.0,,3.0,,,,탄산수와 섞어 마실 것을 추천,"복분자, 설탕, 주정, 정제수, 과당",거창사과원예농협,https://dthumb-phinf.pstatic.net/?src=%22https%3A%2F%2Fdbscthumb-phinf.pstatic.net%2F4776_000_2%2F20200824174907198_4NONN08R7.jpg%2Ffe87_451_i1.jpg%3Ftype%3Dw450_fst_n%22&twidth=226&theight=226&opts=17
90,산내울 사과애주,"14,000",750ml,리큐르,16.0,4.0,4.0,2.0,,3.0,,,,탄산수와 섞어 마실 것을 추천,"사과, 설탕, 주정, 정제수, 과당",거창사과원예농협,https://dthumb-phinf.pstatic.net/?src=%22https%3A%2F%2Fdbscthumb-phinf.pstatic.net%2F4776_000_2%2F20200824175052305_QC1VFFGHF.jpg%2Ffe87_452_i1.jpg%3Ftype%3Dw450_fst_n%22&twidth=226&theight=226&opts=17
91,서울의 밤,"7,500",375ml,리큐르,25.0,,,2.0,4.0,,,1.0,,삼겹살,"매실증류주원액, 벌꿀, 포도당, 노간주나무열매, 정제수",더한주류,https://dthumb-phinf.pstatic.net/?src=%22https%3A%2F%2Fdbscthumb-phinf.pstatic.net%2F4776_000_2%2F20181016191204559_YG8AEQGYD.jpg%2Ffe87_266_i1.jpg%3Ftype%3Dw450_fst_n%22&twidth=226&theight=226&opts=10
92,송화백일주,"45,000",500ml,리큐르,38.0,,,3.0,3.0,,,3.0,,삼계탕,"쌀, 찹쌀, 누룩, 산수유, 오미자, 구기자, 솔잎, 송화가루, 꿀",,https://dthumb-phinf.pstatic.net/?src=%22https%3A%2F%2Fdbscthumb-phinf.pstatic.net%2F4776_000_2%2F20190726153119003_6MNBJWRWG.jpg%2Ffe87_366_i1.jpg%3Ftype%3Dw450_fst_n%22&twidth=226&theight=226&opts=10
93,오매락퍽,"52,000",500ml,리큐르,40.0,3.0,,4.0,3.0,,,,,육회,국내산 배증류원액,배상면주가,https://dthumb-phinf.pstatic.net/?src=%22https%3A%2F%2Fdbscthumb-phinf.pstatic.net%2F4776_000_1%2F20170522171554324_4LOXY8EMH.JPG%2Ffe87_169_i1.JPG%3Ftype%3Dw450_fst_n%22&twidth=226&theight=226&opts=17
94,원매,"35,000",750ml,리큐르,20.0,,,3.0,4.0,,,,1,숙주 소고기 볶음,"매실원주액, 매실청, 꿀, 카라멜, 효소처리스테비아, 정제수",더한주류,https://dthumb-phinf.pstatic.net/?src=%22https%3A%2F%2Fdbscthumb-phinf.pstatic.net%2F4776_000_1%2F20181013001329327_RDX3Q8RJZ.jpg%2Ffe87_265_i1.jpg%3Ftype%3Dw450_fst_n%22&twidth=226&theight=226&opts=10
95,원매 프리미엄,"45,000",700ml,리큐르,20.0,2.0,,4.0,3.0,,,,,파스타,국내산 황매실,더한주류,https://dthumb-phinf.pstatic.net/?src=%22https%3A%2F%2Fdbscthumb-phinf.pstatic.net%2F4776_000_1%2F20170522145940985_OILFJWVTU.jpg%2Ffe87_146_i1.jpg%3Ftype%3Dw450_fst_n%22&twidth=226&theight=226&opts=17
96,원매 프리미엄,"45,000",700ml,리큐르,20.0,,,4.0,3.0,,,,2,"파스타, 면요리",매실,더한주류,https://dthumb-phinf.pstatic.net/?src=%22https%3A%2F%2Fdbscthumb-phinf.pstatic.net%2F4776_000_1%2F20170522145940985_OILFJWVTU.jpg%2Ffe87_146_i1.jpg%3Ftype%3Dw450_fst_n%22&twidth=226&theight=226&opts=17
97,이강주 2호,"28,000",750ml,리큐르,25.0,2.0,0.0,2.0,,2.0,,,,보쌈,"쌀, 소맥분, 정맥, 배, 생강, 계피, 울금, 꿀",,https://dthumb-phinf.pstatic.net/?src=%22https%3A%2F%2Fdbscthumb-phinf.pstatic.net%2F4776_000_1%2F20170113195446169_S2NPU1Q01.jpg%2Ffe87_029_i1.jpg%3Ftype%3Dw450_fst_n%22&twidth=226&theight=226&opts=10
98,이강주 375ml,"4,500",375ml,리큐르,19.0,2.0,0.0,2.0,,2.0,,,,보쌈,국내산 쌀,전주이강주,https://dthumb-phinf.pstatic.net/?src=%22https%3A%2F%2Fdbscthumb-phinf.pstatic.net%2F4776_000_1%2F20170113195423387_GWSPNBUOV.jpg%2Ffe87_028_i1.jpg%3Ftype%3Dw450_fst_n%22&twidth=226&theight=226&opts=17
99,자연송이주,"14,000",720ml,리큐르,18.0,1.0,,1.0,1.0,,,,,활어회,자연송이버섯,솔래원,https://dthumb-phinf.pstatic.net/?src=%22https%3A%2F%2Fdbscthumb-phinf.pstatic.net%2F4776_000_1%2F20170522185115733_S5Y39H89Q.JPG%2Ffe87_184_i1.JPG%3Ftype%3Dw450_fst_n%22&twidth=226&theight=226&opts=17
100,진도홍주 루비콘,"10,000",375ml,리큐르,40.0,3.0,,3.0,3.0,,,,,조개찜,"쌀, 누룩, 지초, 정제수",대대로영농조합법인,https://dthumb-phinf.pstatic.net/?src=%22https%3A%2F%2Fdbscthumb-phinf.pstatic.net%2F4776_000_1%2F20170522141315093_5FNN973W5.jpg%2Ffe87_138_i1.jpg%3Ftype%3Dw450_fst_n%22&twidth=226&theight=226&opts=17
101,진쾌남,"8,500",330ml,리큐르,25.0,,,3.0,3.0,,,4.0,,삼계탕,"국내산 쌀, 밤, 누룩, 구기자, 오미자, 산수유, 오가피, 동충하초, 정제수",사곡양조장,https://dthumb-phinf.pstatic.net/?src=%22https%3A%2F%2Fdbscthumb-phinf.pstatic.net%2F4776_000_1%2F20181013025957349_JQH6G3XKI.jpg%2Ffe87_287_i1.jpg%3Ftype%3Dw450_fst_n%22&twidth=226&theight=226&opts=10
102,천매,"130,000",600ml,리큐르,30.0,,,4.0,3.0,,,,2,중국음식,"매실주원액, 발효주정, 정제수, 꿀",,https://dthumb-phinf.pstatic.net/?src=%22https%3A%2F%2Fdbscthumb-phinf.pstatic.net%2F4776_000_1%2F20170522150429523_YMX0ORLBE.jpg%2Ffe87_147_i1.jpg%3Ftype%3Dw450_fst_n%22&twidth=226&theight=226&opts=17
103,티나(TINA),"54,000",750ml,리큐르,16.0,,,5.0,4.0,,,4.0,,"캐러멜, 케익",딸기(국내산),추성고을,https://dthumb-phinf.pstatic.net/?src=%22https%3A%2F%2Fdbscthumb-phinf.pstatic.net%2F4776_000_2%2F20200824175231961_QVOJ2OBIR.jpg%2Ffe87_453_i1.jpg%3Ftype%3Dw450_fst_n%22&twidth=226&theight=226&opts=17
104,한비 무병장수술,"30,000",375ml,리큐르,35.0,,,4.0,5.0,,,2.0,,추어탕,"국내산쌀, 흑삼, 인삼, 오가피, 오미자, 구기자, 복분자, 차전자, 토사자, 산수유",제천한약(영),https://dthumb-phinf.pstatic.net/?src=%22https%3A%2F%2Fdbscthumb-phinf.pstatic.net%2F4776_000_1%2F20181013011116326_L00EPPENK.jpg%2Ffe87_274_i1.jpg%3Ftype%3Dw450_fst_n%22&twidth=226&theight=226&opts=10
105,한비 오가피술,"30,000",375ml,리큐르,35.0,,,3.0,2.0,,,2.0,,탕수육,"국내산 쌀, 누룩, 가시오가피 뿌리, 정제수",,https://dthumb-phinf.pstatic.net/?src=%22https%3A%2F%2Fdbscthumb-phinf.pstatic.net%2F4776_000_1%2F20181013005750902_TEOHPQH9L.jpg%2Ffe87_272_i1.jpg%3Ftype%3Dw450_fst_n%22&twidth=226&theight=226&opts=10
106,호담 300ml,"18,000",300ml,리큐르,20.0,,,2.0,2.0,,,,2,닭백숙,"산양산삼, 정제수, 주정",대농바이오우리산삼,https://dthumb-phinf.pstatic.net/?src=%22https%3A%2F%2Fdbscthumb-phinf.pstatic.net%2F4776_000_1%2F20170522231137693_DLJQAURKM.jpg%2Ffe87_225_i1.jpg%3Ftype%3Dw450_fst_n%22&twidth=226&theight=226&opts=17
107,감자술 13%,"14,000",700ml,약주,13.0,3.0,2.0,2.0,,3.0,,,,감자전,"백미(국내산), 감자(국내산), 누룩, 효모, 정제수",,https://dthumb-phinf.pstatic.net/?src=%22https%3A%2F%2Fdbscthumb-phinf.pstatic.net%2F4776_000_2%2F20190726173312428_9KUFPAV7J.jpg%2Ffe87_407_i1.jpg%3Ftype%3Dw450_fst_n%22&twidth=226&theight=226&opts=10
108,구기홍주 14,"16,000",750ml,약주,14.0,2.0,2.0,2.0,,2.0,,,,약간 매운 음식,"국내산 쌀, 국, 구기자추출액, 올리고당, 효모, 효소, 아세설팜칼륨, 정제수",두이술공방,https://dthumb-phinf.pstatic.net/?src=%22https%3A%2F%2Fdbscthumb-phinf.pstatic.net%2F4776_000_2%2F20200824190818965_N0WFTK1VM.jpg%2Ffe87_481_i1.jpg%3Ftype%3Dw450_fst_n%22&twidth=226&theight=226&opts=17
109,금산인삼주,"12,000",375ml,약주,12.5,1.0,3.0,2.0,,2.0,,,,양념 돼지갈비,"쌀, 인삼, 누룩, 정제수",,https://dthumb-phinf.pstatic.net/?src=%22https%3A%2F%2Fdbscthumb-phinf.pstatic.net%2F4776_000_1%2F20170522130949610_73YISFLV5.jpg%2Ffe87_128_i1.jpg%3Ftype%3Dw450_fst_n%22&twidth=226&theight=226&opts=17
110,기다림 맑은술,"25,000",500ml,약주,15.0,4.0,3.0,3.0,,3.0,,,,"곱창 전골, 연포탕","국내산 멥쌀, 국내산 찹쌀, 곡자, 정제수",제이케이크래프트,https://dthumb-phinf.pstatic.net/?src=%22https%3A%2F%2Fdbscthumb-phinf.pstatic.net%2F4776_000_2%2F20190726170758628_26LKBRKT3.jpg%2Ffe87_399_i1.jpg%3Ftype%3Dw450_fst_n%22&twidth=226&theight=226&opts=17
111,김포별주,"4,000",500ml,약주,13.0,3.0,1.0,3.0,,1.0,,,,쭈꾸미 볶음,"쌀, 옥수수 전분, 국, 효모, 젖산, 효소제, 정제수",,https://dthumb-phinf.pstatic.net/?src=%22https%3A%2F%2Fdbscthumb-phinf.pstatic.net%2F4776_000_1%2F20181013050409841_KWAXKEIH5.jpg%2Ffe87_304_i1.jpg%3Ftype%3Dw450_fst_n%22&twidth=226&theight=226&opts=10
112,김포예주 프리미엄,"15,000",750ml,약주,13.0,2.0,1.0,4.0,,1.0,,,,불고기,"국내산 쌀, 국, 효모, 젖산, 정제수",김포양조,https://dthumb-phinf.pstatic.net/?src=%22https%3A%2F%2Fdbscthumb-phinf.pstatic.net%2F4776_000_1%2F20181013044420009_D8C32375N.jpg%2Ffe87_301_i1.jpg%3Ftype%3Dw450_fst_n%22&twidth=226&theight=226&opts=10
113,김포특주,"3,000",375ml,약주,15.0,4.0,4.0,2.0,,2.0,,,,"감자탕, 김치찌개, 매운 제육볶음","국내산 쌀, 효모, 정제효소,정제수, 프락토올리고당",김포금쌀탁주영농조합법인,https://dthumb-phinf.pstatic.net/?src=%22https%3A%2F%2Fdbscthumb-phinf.pstatic.net%2F4776_000_1%2F20181013062101632_MU0YTMOKW.jpg%2Ffe87_315_i1.jpg%3Ftype%3Dw450_fst_n%22&twidth=226&theight=226&opts=10
114,녹파주,"35,000",375ml,약주,15.0,3.0,2.0,3.0,,2.0,,,,연잎밥,"국내산 찹쌀, 멥쌀, 누룩, 정제수",솔송주(명가원),https://dthumb-phinf.pstatic.net/?src=%22https%3A%2F%2Fdbscthumb-phinf.pstatic.net%2F4776_000_1%2F20181013054605691_IEV740J47.jpg%2Ffe87_310_i1.jpg%3Ftype%3Dw450_fst_n%22&twidth=226&theight=226&opts=10
115,능이주,"12,000",375ml,약주,13.0,1.0,3.0,2.0,,1.0,,,,버섯구이,"국내산 쌀, 능이농축액, 누룩, 정제수",내국양조,https://dthumb-phinf.pstatic.net/?src=%22https%3A%2F%2Fdbscthumb-phinf.pstatic.net%2F4776_000_1%2F20181013013748016_7G95HK0CF.jpg%2Ffe87_277_i1.jpg%3Ftype%3Dw450_fst_n%22&twidth=226&theight=226&opts=10
116,능이주,"12,000",375ml,약주,13.0,1.0,3.0,2.0,,1.0,,,,버섯구이,"국내산 쌀, 능이농축액, 누룩, 정제수",내국양조,https://dthumb-phinf.pstatic.net/?src=%22https%3A%2F%2Fdbscthumb-phinf.pstatic.net%2F5628_000_1%2F20181126160816857_VXPU8RYYG.jpg%2Ffe115_17_i1.jpg%3Ftype%3Dw450_fst_n%22&twidth=226&theight=226&opts=10
117,니모메,"12,000",375ml,약주,11.0,2.0,1.0,2.0,,1.0,,,,흰 살 생선 회,"쌀(국내산), 감귤 진피, 정제수",제주샘주,https://dthumb-phinf.pstatic.net/?src=%22https%3A%2F%2Fdbscthumb-phinf.pstatic.net%2F4776_000_1%2F20181012224600173_KZGUAXX6O.jpg%2Ffe87_253_i1.jpg%3Ftype%3Dw450_fst_n%22&twidth=226&theight=226&opts=17
118,대윤 가야곡 왕주,"4,000",300ml,약주,13.0,2.0,2.0,3.0,,1.0,,,,쭈꾸미 볶음,"쌀, 누룩, 효모, 물엿, 정제수",,https://dthumb-phinf.pstatic.net/?src=%22https%3A%2F%2Fdbscthumb-phinf.pstatic.net%2F4776_000_1%2F20170522144946609_COXYSSMJ2.jpg%2Ffe87_144_i1.jpg%3Ftype%3Dw450_fst_n%22&twidth=226&theight=226&opts=17
119,대통대잎술,"16,000",700ml,약주,15.0,1.0,1.0,2.0,,,,2.0,,스테이크,"쌀, 누룩, 갈근, 구기자, 솔잎, 진피 등",추성고을,https://dthumb-phinf.pstatic.net/?src=%22https%3A%2F%2Fdbscthumb-phinf.pstatic.net%2F4776_000_1%2F20170113200235224_4XP2IQS4M.jpg%2Ffe87_044_i1.jpg%3Ftype%3Dw450_fst_n%22&twidth=226&theight=226&opts=10
120,동몽,"30,000",500ml,약주,17.0,2.0,3.0,3.0,,1.0,,,,두부전골,"홍천 쌀, 정제수, 단호박, 국(밀 누룩)",예술주조,https://dthumb-phinf.pstatic.net/?src=%22https%3A%2F%2Fdbscthumb-phinf.pstatic.net%2F4776_000_1%2F20170116183755171_V64VQROUB.jpg%2Ffe87_100_i1.jpg%3Ftype%3Dw450_fst_n%22&twidth=226&theight=226&opts=10
121,동학 1957,"3,500",375ml,약주,13.0,3.0,3.0,3.0,,2.0,,,,한정식,"국내산 쌀, 구연산, 효모, 젖산, 정제효소제, 국, 주정, 정제수",고헌정영농조합법인,https://dthumb-phinf.pstatic.net/?src=%22https%3A%2F%2Fdbscthumb-phinf.pstatic.net%2F4776_000_3%2F20200824210240472_IM2XKDIOS.png%2Ffe87_523_i1.png%3Ftype%3Dw450_fst_n%22&twidth=226&theight=226&opts=17
122,라이스퐁당 17,"18,000",500ml,약주,17.0,3.0,3.0,4.0,,1.0,,,,닭볶음탕,"찹쌀(국내산), 누룩, 정제수(음양곽, 감초)",,https://dthumb-phinf.pstatic.net/?src=%22https%3A%2F%2Fdbscthumb-phinf.pstatic.net%2F4776_000_2%2F20200824202400121_U59V7XN47.jpg%2Ffe87_508_i1.jpg%3Ftype%3Dw450_fst_n%22&twidth=226&theight=226&opts=17
123,맑은 문희주,"36,000",750ml,약주,13.0,3.0,1.0,2.0,,1.0,,,,나물 무침,"유기농찹쌀 (국산), 멥쌀 (국산), 전통누룩 (우리 밀), 정제수",,https://dthumb-phinf.pstatic.net/?src=%22https%3A%2F%2Fdbscthumb-phinf.pstatic.net%2F4776_000_1%2F20170116183312216_3JCMJ114O.jpg%2Ffe87_094_i1.jpg%3Ftype%3Dw450_fst_n%22&twidth=226&theight=226&opts=17
124,맑은술 해밀,"25,000",500ml,약주,15.0,3.0,2.0,2.0,,2.0,,,,생선요리,"쌀, 누룩, 정제수",내변산양조장,https://dthumb-phinf.pstatic.net/?src=%22https%3A%2F%2Fdbscthumb-phinf.pstatic.net%2F4776_000_2%2F20190726172301804_F1MO9V9DR.jpg%2Ffe87_404_i1.jpg%3Ftype%3Dw450_fst_n%22&twidth=226&theight=226&opts=10
125,매실향기 담은 술,"6,000",500ml,약주,14.0,3.0,3.0,3.0,,3.0,,,,소고기 전골,"국내산 쌀, 효모, 조효소재, 물엿, 아스파탐, 정제수",명세주가,https://dthumb-phinf.pstatic.net/?src=%22https%3A%2F%2Fdbscthumb-phinf.pstatic.net%2F4776_000_2%2F20190726181109433_EPUC6ID06.jpg%2Ffe87_422_i1.jpg%3Ftype%3Dw450_fst_n%22&twidth=226&theight=226&opts=17
126,면천두견주 360,"32,000",360ml,약주,18.0,3.0,1.0,3.0,,1.0,,,,"불고기, 해물맑은탕","국내산 찹쌀, 누룩, 진달래꽃",면천두견주,https://dthumb-phinf.pstatic.net/?src=%22https%3A%2F%2Fdbscthumb-phinf.pstatic.net%2F4776_000_1%2F20181013063601781_ROLSYWZKO.jpg%2Ffe87_318_i1.jpg%3Ftype%3Dw450_fst_n%22&twidth=226&theight=226&opts=10
127,면천두견주 700,"15,000",700ml,약주,18.0,3.0,1.0,3.0,,1.0,,,,"진달래 화전, 은행구이","국내산 찹쌀, 누룩, 진달래꽃",면천두견주,https://dthumb-phinf.pstatic.net/?src=%22https%3A%2F%2Fdbscthumb-phinf.pstatic.net%2F4776_000_1%2F20181013064354490_NF663ZJYG.jpg%2Ffe87_319_i1.jpg%3Ftype%3Dw450_fst_n%22&twidth=226&theight=226&opts=10
128,면천두견주 900,"120,000",900ml,약주,18.0,3.0,1.0,3.0,,1.0,,,,"진달래 화전, 은행구이","국내산 찹쌀, 누룩, 진달래꽃",면천두견주,https://dthumb-phinf.pstatic.net/?src=%22https%3A%2F%2Fdbscthumb-phinf.pstatic.net%2F4776_000_1%2F20181013065115611_8ONKAYX4I.jpg%2Ffe87_320_i1.jpg%3Ftype%3Dw450_fst_n%22&twidth=226&theight=226&opts=10
129,명인 홍삼주,"12,000",375ml,약주,12.5,1.0,3.0,2.0,,2.0,,,,양념갈비,"쌀, 홍삼, 누룩, 정제수",,https://dthumb-phinf.pstatic.net/?src=%22https%3A%2F%2Fdbscthumb-phinf.pstatic.net%2F4776_000_1%2F20170522131739870_1VS1L4CXC.jpg%2Ffe87_129_i1.jpg%3Ftype%3Dw450_fst_n%22&twidth=226&theight=226&opts=17
130,모월 연,"18,000",500ml,약주,13.0,1.0,3.0,2.0,,2.0,,,,편한 일상 속 저녁 식사와 함께,"국내산 쌀, 밀누룩(국산)",모월,https://dthumb-phinf.pstatic.net/?src=%22https%3A%2F%2Fdbscthumb-phinf.pstatic.net%2F4776_000_2%2F20200824194259734_LEKZXDYCY.jpg%2Ffe87_493_i1.jpg%3Ftype%3Dw450_fst_n%22&twidth=226&theight=226&opts=17
131,모월 청,"21,000",500ml,약주,16.0,1.0,3.0,3.0,,2.0,,,,양념된 고기류,"쌀(국내산), 누룩, 정제수",모월,https://dthumb-phinf.pstatic.net/?src=%22https%3A%2F%2Fdbscthumb-phinf.pstatic.net%2F4776_000_2%2F20200824194049194_CXYXL4G4E.jpg%2Ffe87_492_i1.jpg%3Ftype%3Dw450_fst_n%22&twidth=226&theight=226&opts=17
132,밤꽃향기,"4,000",375ml,약주,13.5,5.0,2.0,2.0,,2.0,,,,"구운 밤, 공주국밥","국내산 쌀, 밤, 누룩, 정제수",사곡양조장,https://dthumb-phinf.pstatic.net/?src=%22https%3A%2F%2Fdbscthumb-phinf.pstatic.net%2F4776_000_1%2F20181013024252178_Z43EQIDQB.jpg%2Ffe87_285_i1.jpg%3Ftype%3Dw450_fst_n%22&twidth=226&theight=226&opts=10
133,방문주 약주,"7,000",500ml,약주,15.0,2.0,3.0,3.0,,3.0,,,,"한우 불고기, 떡갈비","국내산 찹쌀, 누룩, 정제수",,https://dthumb-phinf.pstatic.net/?src=%22https%3A%2F%2Fdbscthumb-phinf.pstatic.net%2F4776_000_2%2F20190726143600391_ECYP54JP9.jpg%2Ffe87_344_i1.jpg%3Ftype%3Dw450_fst_n%22&twidth=226&theight=226&opts=10
134,백련 맑은술,"7,000",375ml,약주,12.0,2.0,2.0,2.0,,1.0,,,,어묵,"백미, 정제수, 물엿, 과당, 누룩, 백련잎, 누룩",,https://dthumb-phinf.pstatic.net/?src=%22https%3A%2F%2Fdbscthumb-phinf.pstatic.net%2F4776_000_1%2F20170220162000705_KLTUKC2GF.jpg%2F%25EC%258B%25A0%25ED%258F%2589.jpg%3Ftype%3Dw450_fst_n%22&twidth=226&theight=226&opts=10
135,삼양춘 생약주,"20,000",500ml,약주,15.0,2.0,1.0,2.0,,1.0,,,,흰살 생선 찜,"강화섬쌀, 전통누룩, 정제수",삼양춘,https://dthumb-phinf.pstatic.net/?src=%22https%3A%2F%2Fdbscthumb-phinf.pstatic.net%2F4776_000_1%2F20181013035930533_I2J6X04GR.jpg%2Ffe87_295_i1.jpg%3Ftype%3Dw450_fst_n%22&twidth=226&theight=226&opts=10
136,서주 16%,"45,000",400ml,약주,16.0,3.0,2.0,3.0,,3.0,,,,기름진 감자전,"백미(국내산), 감자(국내산), 누룩, 효모, 정제수",오대서주양조,https://dthumb-phinf.pstatic.net/?src=%22https%3A%2F%2Fdbscthumb-phinf.pstatic.net%2F4776_000_2%2F20190726173545918_H7AP76A5L.jpg%2Ffe87_408_i1.jpg%3Ftype%3Dw450_fst_n%22&twidth=226&theight=226&opts=17
137,석로주,"34,000",720ml,약주,13.0,1.0,1.0,4.0,,1.0,,,,버섯 전골,"국내산 쌀, 석이버섯, 누룩, 효모, 정제수",,https://dthumb-phinf.pstatic.net/?src=%22https%3A%2F%2Fdbscthumb-phinf.pstatic.net%2F4776_000_1%2F20181013054036147_99II2NYBC.jpg%2Ffe87_309_i1.jpg%3Ftype%3Dw450_fst_n%22&twidth=226&theight=226&opts=10
138,석탄주 약주,"7,000",500ml,약주,15.0,1.0,3.0,3.0,,2.0,,,,"참치 뱃살, 수육","국내산 찹쌀, 누룩, 정제수",,https://dthumb-phinf.pstatic.net/?src=%22https%3A%2F%2Fdbscthumb-phinf.pstatic.net%2F4776_000_2%2F20190726143157722_IOQJC5DGP.jpg%2Ffe87_342_i1.jpg%3Ftype%3Dw450_fst_n%22&twidth=226&theight=226&opts=10
139,설련주,"35,000",750ml,약주,16.0,2.0,4.0,,,2.0,,3.0,,"불고기, 간장게장, 궁중 떡볶이, 연잎밥","백련, 찹쌀, 멥쌀, 누룩",영농조합법인 석전상온전통주가,https://dthumb-phinf.pstatic.net/?src=%22https%3A%2F%2Fdbscthumb-phinf.pstatic.net%2F4776_000_2%2F20200824181416232_QXDXFJ0LD.jpg%2Ffe87_461_i1.jpg%3Ftype%3Dw450_fst_n%22&twidth=226&theight=226&opts=17
140,세종대왕어주 약주,"25,900",500ml,약주,15.0,3.0,1.0,3.0,,1.0,,,,매콤새콤한 무침,"쌀, 누룩 정제수",,https://dthumb-phinf.pstatic.net/?src=%22https%3A%2F%2Fdbscthumb-phinf.pstatic.net%2F4776_000_2%2F20200824170807264_OJ2M0B5P2.jpg%2Ffe87_436_i1.jpg%3Ftype%3Dw450_fst_n%22&twidth=226&theight=226&opts=17
141,소백산 청 동동주,"3,000",1700ml,약주,10.0,2.0,1.0,4.0,,2.0,,,,파스타,"쌀, 소맥분, 누룩, 주정, 고과당, 대추 등",대강양조장,https://dthumb-phinf.pstatic.net/?src=%22https%3A%2F%2Fdbscthumb-phinf.pstatic.net%2F4776_000_1%2F20170116183602133_G2CEPDVMC.jpg%2Ffe87_098_i1.jpg%3Ftype%3Dw450_fst_n%22&twidth=226&theight=226&opts=17
142,솔송주,"7,000",375ml,약주,13.0,2.0,1.0,3.0,,,,3.0,,,"정제수, 백미(국내산), 국내산 송순 농축액(송순33%, 정제수67%) 5.24%, 누룩, 조제종국, 효모",,https://dthumb-phinf.pstatic.net/?src=%22https%3A%2F%2Fdbscthumb-phinf.pstatic.net%2F5628_000_1%2F20181126162212555_KKFSC0FWW.jpg%2Ffe115_26_i1.jpg%3Ftype%3Dw450_fst_n%22&twidth=226&theight=226&opts=10
143,송이주,"12,000",375ml,약주,13.0,1.0,4.0,2.0,,1.0,,,,소 등심 구이,"국내산 쌀, 송이농축액, 누룩, 정제수",내국양조,https://dthumb-phinf.pstatic.net/?src=%22https%3A%2F%2Fdbscthumb-phinf.pstatic.net%2F4776_000_1%2F20181013014529537_VOUXM0UT7.jpg%2Ffe87_278_i1.jpg%3Ftype%3Dw450_fst_n%22&twidth=226&theight=226&opts=10
144,술아 국화주,"18,000",375ml,약주,15.0,4.0,3.0,4.0,,2.0,,,,샐러드,"국내산 찹쌀, 누룩, 건조국화꽃, 증류주, 정제수",술아원,https://dthumb-phinf.pstatic.net/?src=%22https%3A%2F%2Fdbscthumb-phinf.pstatic.net%2F4776_000_1%2F20181013071307793_IYQB0A0HG.jpg%2Ffe87_323_i1.jpg%3Ftype%3Dw450_fst_n%22&twidth=226&theight=226&opts=10
145,술아 매화주,"36,000",375ml,약주,15.0,5.0,3.0,4.0,,2.0,,,,샐러드,"국내산 찹쌀, 누룩, 건조매화꽃, 증류주, 정제수",,https://dthumb-phinf.pstatic.net/?src=%22https%3A%2F%2Fdbscthumb-phinf.pstatic.net%2F4776_000_1%2F20181013065840999_1J1DYQP9R.jpg%2Ffe87_321_i1.jpg%3Ftype%3Dw450_fst_n%22&twidth=226&theight=226&opts=10
146,술아 순곡주,"36,000",375ml,약주,20.0,5.0,3.0,5.0,,2.0,,,,"맑은 소고기국, 미역국, 계란국","국내산 찹쌀, 누룩, 증류주, 정제수",,https://dthumb-phinf.pstatic.net/?src=%22https%3A%2F%2Fdbscthumb-phinf.pstatic.net%2F4776_000_1%2F20181013072034509_EAR5K1RIZ.jpg%2Ffe87_324_i1.jpg%3Ftype%3Dw450_fst_n%22&twidth=226&theight=226&opts=10
147,술아 연화주,"36,000",375ml,약주,15.0,5.0,3.0,4.0,,2.0,,,,연잎밥,"국내산 찹쌀, 누룩, 건조연화꽃, 증류주, 정제수",술아원,https://dthumb-phinf.pstatic.net/?src=%22https%3A%2F%2Fdbscthumb-phinf.pstatic.net%2F4776_000_1%2F20181013070614622_4BWJSH46I.jpg%2Ffe87_322_i1.jpg%3Ftype%3Dw450_fst_n%22&twidth=226&theight=226&opts=10
148,신선주,"19,000",750ml,약주,16.0,3.0,3.0,2.0,,2.0,,,,불고기,"쌀, 능금, 신선초, 천궁, 구기자, 당귀솔잎, 대추, 인삼",용두산조은술,https://dthumb-phinf.pstatic.net/?src=%22https%3A%2F%2Fdbscthumb-phinf.pstatic.net%2F4776_000_1%2F20170522203318221_7VH8C6F9C.jpg%2Ffe87_201_i1.jpg%3Ftype%3Dw450_fst_n%22&twidth=226&theight=226&opts=17
149,아황주,"23,000",500ml,약주,17.0,1.0,3.0,3.0,,1.0,,,,명란젓,"찹쌀, 멥쌀, 누룩, 정제수",,https://dthumb-phinf.pstatic.net/?src=%22https%3A%2F%2Fdbscthumb-phinf.pstatic.net%2F4776_000_1%2F20181013033514144_YTUSKJLX5.jpg%2Ffe87_291_i1.jpg%3Ftype%3Dw450_fst_n%22&twidth=226&theight=226&opts=10
150,애석,"30,000",500ml,약주,15.0,2.0,1.0,2.0,,2.0,,,,"녹두전, 해물잡채","국내산쌀, 누룩, 정제수",농업회사법인 (주)두루,https://dthumb-phinf.pstatic.net/?src=%22https%3A%2F%2Fdbscthumb-phinf.pstatic.net%2F4776_000_2%2F20190726154845662_OVK3Q32T5.jpg%2Ffe87_373_i1.jpg%3Ftype%3Dw450_fst_n%22&twidth=226&theight=226&opts=17
151,연천 연주,"15,000",500ml,약주,12.0,2.0,4.0,3.0,,2.0,,,,"수육, 육회, 해물전","쌀(국내산), 누룩, 정제수",농업회사법인 연천양조(주),https://dthumb-phinf.pstatic.net/?src=%22https%3A%2F%2Fdbscthumb-phinf.pstatic.net%2F4776_000_3%2F20200824205734849_7W9GPDDFC.jpg%2Ffe87_521_i1.jpg%3Ftype%3Dw450_fst_n%22&twidth=226&theight=226&opts=17
152,오메기 맑은술,"25,000",500ml,약주,16.0,1.0,5.0,3.0,,1.0,,,,나물 무침,"좁쌀, 햅쌀, 정제수, 누룩",제주고소리술익는집,https://dthumb-phinf.pstatic.net/?src=%22https%3A%2F%2Fdbscthumb-phinf.pstatic.net%2F4776_000_1%2F20181012220825589_4UD7IOS8F.jpg%2Ffe87_249_i1.jpg%3Ftype%3Dw450_fst_n%22&twidth=226&theight=226&opts=10
153,오메기술,"13,000",375ml,약주,13.0,2.0,2.0,3.0,,1.0,,,,"고사리 무침, 전","백미(국내산), 차조(국내산), 입국(국내산), 누룩, 효모",제주샘주,https://dthumb-phinf.pstatic.net/?src=%22https%3A%2F%2Fdbscthumb-phinf.pstatic.net%2F5628_000_1%2F20181126164709399_T69T4D0CF.jpg%2Ffe115_35_i1.jpg%3Ftype%3Dw450_fst_n%22&twidth=226&theight=226&opts=10
154,운암1945,"28,000",750ml,약주,12.0,3.0,3.0,3.0,,,,,,"해산물, 알리오올리오 파스타, 파마산치즈, 체다치즈","쌀(국내산), 누룩, 정제수",우포의 아침 주식회사,https://dthumb-phinf.pstatic.net/?src=%22https%3A%2F%2Fdbscthumb-phinf.pstatic.net%2F4776_000_3%2F20220323114919963_MF5CINKGK.jpeg%2Ffe87_537_i1.jpeg%3Ftype%3Dw450_fst_n%22&twidth=226&theight=226&opts=17
155,원조 한산소곡주,"12,000",750ml,약주,16.0,3.0,1.0,2.0,,4.0,,,,모시떡,"찹쌀(36%), 누룩(3%)",원조소곡주,https://dthumb-phinf.pstatic.net/?src=%22https%3A%2F%2Fdbscthumb-phinf.pstatic.net%2F4776_000_2%2F20190726140724282_YP1WXS9LP.jpg%2Ffe87_331_i1.jpg%3Ftype%3Dw450_fst_n%22&twidth=226&theight=226&opts=17
156,유기농 이도 42,"42,000",750ml,약주,42.0,3.0,3.0,2.0,,3.0,,,,"연어회, 해산물","유기농쌀 (100%), 정제수, 증류원액, 국, 조제종국, 효모 등",조은술 세종,https://dthumb-phinf.pstatic.net/?src=%22https%3A%2F%2Fdbscthumb-phinf.pstatic.net%2F4776_000_1%2F20170112174958210_LN6IJYND7.jpg%2Ffe87_002_i1.jpg%3Ftype%3Dw450_fst_n%22&twidth=226&theight=226&opts=10
157,이상헌 약주,"45,000",500ml,약주,18.0,3.0,3.0,3.0,,3.0,,,,"조개탕, 꼬막무침","아산쌀, 국(국내산 밀누룩), 정제수",,https://dthumb-phinf.pstatic.net/?src=%22https%3A%2F%2Fdbscthumb-phinf.pstatic.net%2F4776_000_2%2F20190726181948647_PXZPZ5FQA.jpg%2Ffe87_425_i1.jpg%3Ftype%3Dw450_fst_n%22&twidth=226&theight=226&opts=17
158,자희향 국화주,"20,000",375ml,약주,15.0,,,,,,,,,"오이선, 화전",국내산 쌀,자희자양,https://dthumb-phinf.pstatic.net/?src=%22https%3A%2F%2Fdbscthumb-phinf.pstatic.net%2F4776_000_1%2F20170116183251521_F0ZXJ0SFZ.jpg%2Ffe87_093_i1.jpg%3Ftype%3Dw450_fst_n%22&twidth=226&theight=226&opts=10
159,자희향 국화주,"20,000",375ml,약주,15.0,,,,,,,,,"오이선, 화전",국내산 쌀,자희자양,https://dthumb-phinf.pstatic.net/?src=%22https%3A%2F%2Fdbscthumb-phinf.pstatic.net%2F5628_000_1%2F20181126161425245_0D6QV9YUY.jpg%2Ffe115_21_i1.jpg%3Ftype%3Dw450_fst_n%22&twidth=226&theight=226&opts=10
160,정고집 나주배 약주 9%,"18,000",500ml,약주,9.0,4.0,2.0,2.0,,3.0,,,,한우 수육,"쌀, 쌀가루(국내산), 배착즙액(나주산), 정제효소제, 종국, 젖산, 효모",남도탁주,https://dthumb-phinf.pstatic.net/?src=%22https%3A%2F%2Fdbscthumb-phinf.pstatic.net%2F4776_000_2%2F20190726165358423_791OWYJ0H.jpg%2Ffe87_394_i1.jpg%3Ftype%3Dw450_fst_n%22&twidth=226&theight=226&opts=10
161,조선주조사,"4,000",300ml,약주,14.0,3.0,3.0,3.0,,2.0,,,,"김치찌개, 된장찌개","쌀(국내산), 입국, 누룩, 주정, 정제수",농업회사법인 우포의아침(주),https://dthumb-phinf.pstatic.net/?src=%22https%3A%2F%2Fdbscthumb-phinf.pstatic.net%2F4776_000_2%2F20200824193247816_8Y995EFJ7.jpg%2Ffe87_489_i1.jpg%3Ftype%3Dw450_fst_n%22&twidth=226&theight=226&opts=17
162,천비향 오양주 약주,"40,000",500ml,약주,16.0,2.0,2.0,3.0,,1.0,,,,소고기 구이,"국내산 쌀, 누룩",좋은술,https://dthumb-phinf.pstatic.net/?src=%22https%3A%2F%2Fdbscthumb-phinf.pstatic.net%2F4776_000_1%2F20181013043057555_V5928PX5N.jpg%2Ffe87_299_i1.jpg%3Ftype%3Dw450_fst_n%22&twidth=226&theight=226&opts=10
163,청명주 750,"36,000",750ml,약주,17.0,4.0,4.0,4.0,,2.0,,,,"민물고기 매운탕, 수육, 보쌈","국내산 찹쌀, 누룩, 소맥분",,https://dthumb-phinf.pstatic.net/?src=%22https%3A%2F%2Fdbscthumb-phinf.pstatic.net%2F4776_000_2%2F20181015103453534_1803I9PQY.jpg%2Ffe87_229_i1.jpg%3Ftype%3Dw450_fst_n%22&twidth=226&theight=226&opts=17
164,풍정사계 춘(春),"30,000",500ml,약주,15.0,2.0,1.0,3.0,,1.0,,,,불고기,"찹쌀, 향온곡",화양,https://dthumb-phinf.pstatic.net/?src=%22https%3A%2F%2Fdbscthumb-phinf.pstatic.net%2F4776_000_1%2F20170522222554203_SMLWR2A4O.JPG%2Ffe87_216_i1.JPG%3Ftype%3Dw450_fst_n%22&twidth=226&theight=226&opts=17
165,한산소곡주(생주),"12,000",750ml,약주,16.0,4.0,1.0,4.0,,1.0,,,,,"찹쌀, 누룩, 백미, 정제수",,https://dthumb-phinf.pstatic.net/?src=%22https%3A%2F%2Fdbscthumb-phinf.pstatic.net%2F4776_000_1%2F20170522134919916_VHYNC80WS.jpg%2Ffe87_134_i1.jpg%3Ftype%3Dw450_fst_n%22&twidth=226&theight=226&opts=17
166,해파랑,"10,000",375ml,약주,13.0,3.0,1.0,3.0,,1.0,,,,삼계탕,"쌀(국내산), 해방풍(국내산), 계량누룩, 젖산, 이소말토올리고당, 정제수",,https://dthumb-phinf.pstatic.net/?src=%22https%3A%2F%2Fdbscthumb-phinf.pstatic.net%2F4776_000_2%2F20190726175641859_BF9U671OQ.jpg%2Ffe87_417_i1.jpg%3Ftype%3Dw450_fst_n%22&twidth=226&theight=226&opts=10
167,황진이주,"3,500",375ml,약주,13.0,3.0,2.0,3.0,,1.0,,,,한우 구이,"국내산 오미자, 국내산 산수유",농업회사법인(유)술소리,https://dthumb-phinf.pstatic.net/?src=%22https%3A%2F%2Fdbscthumb-phinf.pstatic.net%2F5628_000_1%2F20181126161457164_Z8J67YK11.jpg%2Ffe115_22_i1.jpg%3Ftype%3Dw450_fst_n%22&twidth=226&theight=226&opts=10
168,감홍로 백자,"75,000",700ml,증류주,40.0,,,4.0,3.0,,,,3,육회,"쌀(70%), 조(30%), 7가지 약재(용안육, 계피, 진피, 정향, 생강, 감초, 지초)",,https://dthumb-phinf.pstatic.net/?src=%22https%3A%2F%2Fdbscthumb-phinf.pstatic.net%2F4776_000_1%2F20170524102414291_6V5A8YD3M.jpg%2Ffe87_114_i1.jpg%3Ftype%3Dw450_fst_n%22&twidth=226&theight=226&opts=10
169,강소주,"11,000",1800ml,증류주,50.0,,,3.0,4.0,,,2.0,,,"국내산 쌀, 정제수",내국양조,https://dthumb-phinf.pstatic.net/?src=%22https%3A%2F%2Fdbscthumb-phinf.pstatic.net%2F4776_000_1%2F20181013015945974_9DL5P0SXM.jpg%2Ffe87_280_i1.jpg%3Ftype%3Dw450_fst_n%22&twidth=226&theight=226&opts=10
170,겨울소주 25,"10,000",360ml,증류주,25.0,,,4.0,4.0,,,3.0,,돼지볶음,"증류원액(국내산쌀), 효모, 효소, 정제수",,https://dthumb-phinf.pstatic.net/?src=%22https%3A%2F%2Fdbscthumb-phinf.pstatic.net%2F4776_000_2%2F20200824191033138_I0O31P43W.jpg%2Ffe87_482_i1.jpg%3Ftype%3Dw450_fst_n%22&twidth=226&theight=226&opts=17
171,계룡산 산삼주 금수강산 21%,"150,000",740ml,증류주,21.0,,,3.0,3.0,,,3.0,,삼계탕,"산양산삼, 정제수, 주정",한국산삼,https://dthumb-phinf.pstatic.net/?src=%22https%3A%2F%2Fdbscthumb-phinf.pstatic.net%2F4776_000_1%2F20181013012751849_ERJWLTDF0.jpg%2Ffe87_276_i1.jpg%3Ftype%3Dw450_fst_n%22&twidth=226&theight=226&opts=10
172,고구마 아락,"25,000",500ml,증류주,40.0,2.0,,3.0,3.0,,,,,견과류,"정제수, 고구마, 보리",배상면주가,https://dthumb-phinf.pstatic.net/?src=%22https%3A%2F%2Fdbscthumb-phinf.pstatic.net%2F4776_000_1%2F20170522172843893_4SF2KBD45.jpg%2Ffe87_171_i1.jpg%3Ftype%3Dw450_fst_n%22&twidth=226&theight=226&opts=10
173,고소리술,"25,000",375ml,증류주,40.0,2.0,0.0,3.0,,3.0,,,,생선회,"제주산 좁쌀53%, 국내산 쌀 47%",제주샘주,https://dthumb-phinf.pstatic.net/?src=%22https%3A%2F%2Fdbscthumb-phinf.pstatic.net%2F5628_000_1%2F20181126164747829_O077A1JEA.jpg%2Ffe115_36_i1.jpg%3Ftype%3Dw450_fst_n%22&twidth=226&theight=226&opts=10
174,고운달 백자,"360,000",500ml,증류주,52.0,,,5.0,3.0,,,4.0,,"샐러드, 견과류, 육포",오미자(문경산),오미나라,https://dthumb-phinf.pstatic.net/?src=%22https%3A%2F%2Fdbscthumb-phinf.pstatic.net%2F4776_000_1%2F20181012234452688_TCQKAUHRR.jpg%2Ffe87_260_i1.jpg%3Ftype%3Dw450_fst_n%22&twidth=226&theight=226&opts=10
175,고운달 오크,"360,000",500ml,증류주,52.0,,,5.0,4.0,,,3.0,,"아몬드, 초콜릿, 올리브, 견과류, 육포",오미자(문경산),오미나라,https://dthumb-phinf.pstatic.net/?src=%22https%3A%2F%2Fdbscthumb-phinf.pstatic.net%2F4776_000_1%2F20181012233858393_OS3EASQ8L.jpg%2Ffe87_259_i1.jpg%3Ftype%3Dw450_fst_n%22&twidth=226&theight=226&opts=10
176,귀감,"25,000",350ml,증류주,25.0,,,3.0,3.0,,,2.0,,,"제주산 감귤과즙, 백설탕, 액상효모, 스테비올배당체, 무수아황산",시트러스,https://dthumb-phinf.pstatic.net/?src=%22https%3A%2F%2Fdbscthumb-phinf.pstatic.net%2F4776_000_2%2F20190726163148345_4IK9P3ADE.jpg%2Ffe87_387_i1.jpg%3Ftype%3Dw450_fst_n%22&twidth=226&theight=226&opts=10
177,느낌 19.8,"4,000",360ml,증류주,19.8,,,2.0,2.0,,,2.0,,양념이 된 고기류,"국내산 백미, 누룩, 효모, 정제수",명품 안동소주,https://dthumb-phinf.pstatic.net/?src=%22https%3A%2F%2Fdbscthumb-phinf.pstatic.net%2F4776_000_2%2F20200824180051802_TATIZ2G6M.jpg%2Ffe87_456_i1.jpg%3Ftype%3Dw450_fst_n%22&twidth=226&theight=226&opts=17
178,느낌 30,,360ml,증류주,30.0,,,3.0,3.0,,,3.0,,석쇠 불고기,"국내산 백미, 누룩, 효모, 정제수",명품 안동소주,https://dthumb-phinf.pstatic.net/?src=%22https%3A%2F%2Fdbscthumb-phinf.pstatic.net%2F4776_000_2%2F20200824180347676_XN6FLDV77.jpg%2Ffe87_457_i1.jpg%3Ftype%3Dw450_fst_n%22&twidth=226&theight=226&opts=17
179,담양 죽력고,"13,000",350ml,증류주,25.0,,,3.0,4.0,,,3.0,,오리백숙,"정제수, 쌀(국내산), 누룩, 죽력, 계피, 석창포, 생강, 효모",,https://dthumb-phinf.pstatic.net/?src=%22https%3A%2F%2Fdbscthumb-phinf.pstatic.net%2F4776_000_2%2F20200824175814016_GDG82MFV4.jpg%2Ffe87_455_i1.jpg%3Ftype%3Dw450_fst_n%22&twidth=226&theight=226&opts=17
180,도문대작 생막걸리,"2,000",750ml,증류주,10.0,1.0,3.0,2.0,,3.0,,,,갈비찜,"강릉 쌀, 누룩, 갯방풍나물, 정제수",방풍도가,https://dthumb-phinf.pstatic.net/?src=%22https%3A%2F%2Fdbscthumb-phinf.pstatic.net%2F4776_000_1%2F20181013031757149_ZARUEP4U6.jpg%2Ffe87_289_i1.jpg%3Ftype%3Dw450_fst_n%22&twidth=226&theight=226&opts=10
181,독산 53,"25,000",250ml,증류주,53.0,,,4.0,2.0,,,5.0,,양념 돼지 갈비,"국내산 쌀, 누룩, 효모, 정제수",오산양조,https://dthumb-phinf.pstatic.net/?src=%22https%3A%2F%2Fdbscthumb-phinf.pstatic.net%2F4776_000_2%2F20200824191819032_XO1QHX9EJ.jpg%2Ffe87_485_i1.jpg%3Ftype%3Dw450_fst_n%22&twidth=226&theight=226&opts=10
182,두레앙 22,"5,000",375ml,증류주,22.0,,,4.0,1.0,,,2.0,,매운 김치찜,거봉포도원액,두레양조,https://dthumb-phinf.pstatic.net/?src=%22https%3A%2F%2Fdbscthumb-phinf.pstatic.net%2F4776_000_2%2F20200824174543797_78RL2ZSST.jpg%2Ffe87_449_i1.jpg%3Ftype%3Dw450_fst_n%22&twidth=226&theight=226&opts=17
183,두레앙 브랜디,"70,000",750ml,증류주,35.0,,,3.0,4.0,,,,3,굴,거봉포도원액,,https://dthumb-phinf.pstatic.net/?src=%22https%3A%2F%2Fdbscthumb-phinf.pstatic.net%2F4776_000_1%2F20170522155416710_BYZREPLNT.JPG%2Ffe87_157_i1.JPG%3Ftype%3Dw450_fst_n%22&twidth=226&theight=226&opts=17
184,두레앙 증류주,"35,000",750ml,증류주,35.0,,,2.0,2.0,,,,2,과일 샐러드,거봉포도원액,,https://dthumb-phinf.pstatic.net/?src=%22https%3A%2F%2Fdbscthumb-phinf.pstatic.net%2F4776_000_1%2F20170522154942113_8RVCMJWU9.JPG%2Ffe87_156_i1.JPG%3Ftype%3Dw450_fst_n%22&twidth=226&theight=226&opts=17
185,두리향,"36,000",500ml,증류주,43.0,,,4.0,3.0,,,3.0,,"육전, 갈비찜","국내산 찹쌀, 누룩, 정제수",케이소주,https://dthumb-phinf.pstatic.net/?src=%22https%3A%2F%2Fdbscthumb-phinf.pstatic.net%2F4776_000_2%2F20190726143813529_CG8MLIWPN.jpg%2Ffe87_345_i1.jpg%3Ftype%3Dw450_fst_n%22&twidth=226&theight=226&opts=17
186,마셔블랑,"20,000",750ml,증류주,12.0,3.0,3.0,2.0,,3.0,,,,샐러드,"감귤과즙, 백설탕, 액상효모, 무수아황산",시트러스,https://dthumb-phinf.pstatic.net/?src=%22https%3A%2F%2Fdbscthumb-phinf.pstatic.net%2F4776_000_2%2F20190726162745855_W8FTSXZ1K.jpg%2Ffe87_386_i1.jpg%3Ftype%3Dw450_fst_n%22&twidth=226&theight=226&opts=10
187,메밀로,"150,000",500ml,증류주,45.0,,,4.0,3.0,,,3.0,,복지리탕,"국내산 쌀, 메밀, 누룩, 정제수",두루,https://dthumb-phinf.pstatic.net/?src=%22https%3A%2F%2Fdbscthumb-phinf.pstatic.net%2F4776_000_2%2F20190726155150120_99GBPEE9F.jpg%2Ffe87_374_i1.jpg%3Ftype%3Dw450_fst_n%22&twidth=226&theight=226&opts=10
188,명인 안동소주 22도,"27,000",360ml,증류주,22.0,,,2.0,1.0,,,,1,간고등어 구이,"쌀(국내산), 누룩, 정제수",,https://dthumb-phinf.pstatic.net/?src=%22https%3A%2F%2Fdbscthumb-phinf.pstatic.net%2F4776_000_1%2F20170522162333535_OCCBZ89PX.jpg%2Ffe87_161_i1.jpg%3Ftype%3Dw450_fst_n%22&twidth=226&theight=226&opts=10
189,명인 안동소주 양반탈,"35,000",800ml,증류주,45.0,1.0,,3.0,1.0,,,,,간고등어 구이,"국내산 쌀, 누룩, 정제수",명인안동소주,https://dthumb-phinf.pstatic.net/?src=%22https%3A%2F%2Fdbscthumb-phinf.pstatic.net%2F4776_000_1%2F20170522161550190_47KL5GJOG.JPG%2Ffe87_160_i1.JPG%3Ftype%3Dw450_fst_n%22&twidth=226&theight=226&opts=17
190,명인 안동소주 호리병,"30,000",800ml,증류주,45.0,,,3.0,1.0,,,,1,간고등어 구이,"쌀(국내산), 누룩, 정제수",,https://dthumb-phinf.pstatic.net/?src=%22https%3A%2F%2Fdbscthumb-phinf.pstatic.net%2F4776_000_1%2F20170522160812177_IZHIQMDOY.JPG%2Ffe87_159_i1.JPG%3Ftype%3Dw450_fst_n%22&twidth=226&theight=226&opts=17
191,모월 로,"25,000",500ml,증류주,25.0,,,2.0,3.0,,,2.0,,집 반찬,"쌀(국내산), 누룩, 정제수",,https://dthumb-phinf.pstatic.net/?src=%22https%3A%2F%2Fdbscthumb-phinf.pstatic.net%2F4776_000_2%2F20200824193820985_K2MJ9N55G.jpg%2Ffe87_491_i1.jpg%3Ftype%3Dw450_fst_n%22&twidth=226&theight=226&opts=17
192,모월 인,"40,000",500ml,증류주,41.0,,,3.0,4.0,,,3.0,,돼지고기 구이,"국내산 쌀, 정제수, 밀누룩",모월,https://dthumb-phinf.pstatic.net/?src=%22https%3A%2F%2Fdbscthumb-phinf.pstatic.net%2F4776_000_2%2F20200824193546456_PTKIQQ32Y.jpg%2Ffe87_490_i1.jpg%3Ftype%3Dw450_fst_n%22&twidth=226&theight=226&opts=17
193,문경바람 오크,"44,000",750ml,증류주,40.0,,,4.0,4.0,,,4.0,,"초콜릿, 올리브, 견과류, 육포",사과(문경),오미나라,https://dthumb-phinf.pstatic.net/?src=%22https%3A%2F%2Fdbscthumb-phinf.pstatic.net%2F4776_000_1%2F20181012235205816_3NLD720E7.jpg%2Ffe87_261_i1.jpg%3Ftype%3Dw450_fst_n%22&twidth=226&theight=226&opts=10
194,문배술 헤리티지 23도,"6,000",375ml,증류주,23.0,1.0,,1.0,2.0,,,,,복지리,"메조, 찰수수, 쌀",문배주양조원,https://dthumb-phinf.pstatic.net/?src=%22https%3A%2F%2Fdbscthumb-phinf.pstatic.net%2F4776_000_1%2F20170522162607000_9U6NN3ZYB.JPG%2Ffe87_162_i1.JPG%3Ftype%3Dw450_fst_n%22&twidth=226&theight=226&opts=17
195,문배술 헤리티지 25도,"55,000",375ml,증류주,25.0,,,1.0,2.0,,,,1,복지리,"메조, 찰수수, 쌀",,https://dthumb-phinf.pstatic.net/?src=%22https%3A%2F%2Fdbscthumb-phinf.pstatic.net%2F4776_000_1%2F20170522163344489_1YI0G715J.jpg%2Ffe87_163_i1.jpg%3Ftype%3Dw450_fst_n%22&twidth=226&theight=226&opts=17
196,문배술 헤리티지 40도,"48,000",200ml,증류주,40.0,,,3.0,2.0,,,,2,활어회,"메조, 찰수수, 쌀",,https://dthumb-phinf.pstatic.net/?src=%22https%3A%2F%2Fdbscthumb-phinf.pstatic.net%2F4776_000_1%2F20170522164125274_3S0UZLNWY.jpg%2Ffe87_164_i1.jpg%3Ftype%3Dw450_fst_n%22&twidth=226&theight=226&opts=17
197,배도가 로아 19 레드,"10,000",350ml,증류주,19.0,,,2.0,4.0,,,2.0,2,,사과(국내산),,https://dthumb-phinf.pstatic.net/?src=%22https%3A%2F%2Fdbscthumb-phinf.pstatic.net%2F4776_000_3%2F20220323114339292_XF6MY1E7A.png%2Ffe87_534_i1.png%3Ftype%3Dw450_fst_n%22&twidth=226&theight=226&opts=17
198,배도가 로아 40도 옐로우,"20,000",350ml,증류주,40.0,,,3.0,2.0,,,,2,갈치젓,"쌀(국산), 배(국산)",,https://dthumb-phinf.pstatic.net/?src=%22https%3A%2F%2Fdbscthumb-phinf.pstatic.net%2F4776_000_1%2F20170522174311526_THNUY8D9J.jpg%2Ffe87_174_i1.jpg%3Ftype%3Dw450_fst_n%22&twidth=226&theight=226&opts=17
199,병영소주,"59,400",700ml,증류주,40.0,3.0,0.0,2.0,,3.0,,,,명란젓,"정제수, 보리증류식 소주원액",,https://dthumb-phinf.pstatic.net/?src=%22https%3A%2F%2Fdbscthumb-phinf.pstatic.net%2F4776_000_1%2F20170113195350934_1HYPL52K5.jpg%2Ffe87_026_i1.jpg%3Ftype%3Dw450_fst_n%22&twidth=226&theight=226&opts=10
200,복분자 아락,"40,000",500ml,증류주,40.0,,,3.0,3.0,,,,2,견과류,"복분자증류원액(국내산), 정제수",,https://dthumb-phinf.pstatic.net/?src=%22https%3A%2F%2Fdbscthumb-phinf.pstatic.net%2F4776_000_1%2F20170524104412274_I99QVMN5H.jpg%2Ffe87_170_i1.jpg%3Ftype%3Dw450_fst_n%22&twidth=226&theight=226&opts=10
201,샤토미소 영동,"30,000",200ml,증류주,40.0,,,4.0,3.0,,,2.0,,메로구이,포도,도란원,https://dthumb-phinf.pstatic.net/?src=%22https%3A%2F%2Fdbscthumb-phinf.pstatic.net%2F4776_000_2%2F20190726145345007_EIFBX0W2A.jpg%2Ffe87_352_i1.jpg%3Ftype%3Dw450_fst_n%22&twidth=226&theight=226&opts=17
202,설레온,"20,000",375ml,증류주,40.0,,,3.0,1.0,,,,2,한우구이,"쌀, 누룩, 효모, 정제수",,https://dthumb-phinf.pstatic.net/?src=%22https%3A%2F%2Fdbscthumb-phinf.pstatic.net%2F4776_000_1%2F20170522143915441_IPPTR1TKG.jpg%2Ffe87_142_i1.jpg%3Ftype%3Dw450_fst_n%22&twidth=226&theight=226&opts=17
203,세우리,"250,000",700ml,증류주,45.0,,,4.0,5.0,,,3.0,,삼계탕,"산양삼, 하수오, 구기자, 쌀",제주샘주,https://dthumb-phinf.pstatic.net/?src=%22https%3A%2F%2Fdbscthumb-phinf.pstatic.net%2F4776_000_1%2F20181012225759997_CK2129JXT.jpg%2Ffe87_254_i1.jpg%3Ftype%3Dw450_fst_n%22&twidth=226&theight=226&opts=10
204,소나무와 학,"39,000",700ml,증류주,43.0,4.0,,4.0,3.0,,,,,삼계탕,"국내산 쌀, 황기",용두산조은술(영),https://dthumb-phinf.pstatic.net/?src=%22https%3A%2F%2Fdbscthumb-phinf.pstatic.net%2F4776_000_1%2F20170522202048283_VJEL6KHY9.jpg%2Ffe87_199_i1.jpg%3Ftype%3Dw450_fst_n%22&twidth=226&theight=226&opts=17
205,안동소주 일품 17도,"4,000",350ml,증류주,17.0,3.0,,2.0,1.0,,,,,해물찌개,"국내산 쌀, 입국",안동소주일품,https://dthumb-phinf.pstatic.net/?src=%22https%3A%2F%2Fdbscthumb-phinf.pstatic.net%2F4776_000_1%2F20170522200009206_ND9JGT39T.jpg%2Ffe87_195_i1.jpg%3Ftype%3Dw450_fst_n%22&twidth=226&theight=226&opts=17
206,안동소주 일품 21도,"4,500",350ml,증류주,21.0,3.0,,2.0,1.0,,,,,해물찌개,"국내산 쌀, 입국",안동소주일품,https://dthumb-phinf.pstatic.net/?src=%22https%3A%2F%2Fdbscthumb-phinf.pstatic.net%2F4776_000_1%2F20170522195747164_MO4OF3JSJ.jpg%2Ffe87_194_i1.jpg%3Ftype%3Dw450_fst_n%22&twidth=226&theight=226&opts=17
207,안동소주 일품 40도 골드,"18,000",500ml,증류주,40.0,3.0,,3.0,1.0,,,,,간고등어 구이,"국내산 쌀, 입국",안동소주일품,https://dthumb-phinf.pstatic.net/?src=%22https%3A%2F%2Fdbscthumb-phinf.pstatic.net%2F4776_000_1%2F20170522194941961_Y6OX65PSX.jpg%2Ffe87_193_i1.jpg%3Ftype%3Dw450_fst_n%22&twidth=226&theight=226&opts=17
208,여강,"20,000",375ml,증류주,25.0,,,3.0,3.0,,,2.0,,갈비찜,"국내산 쌀, 누룩, 정제수",,https://dthumb-phinf.pstatic.net/?src=%22https%3A%2F%2Fdbscthumb-phinf.pstatic.net%2F4776_000_2%2F20190726154334009_BGR3KR4V0.jpg%2Ffe87_371_i1.jpg%3Ftype%3Dw450_fst_n%22&twidth=226&theight=226&opts=17
209,연천 우주,"8,500",360ml,증류주,22.0,,,3.0,3.0,,,2.0,,한우 등심구이,"쌀(국내산), 누룩, 효모, 효소, 연천율무, 정제수",,https://dthumb-phinf.pstatic.net/?src=%22https%3A%2F%2Fdbscthumb-phinf.pstatic.net%2F4776_000_3%2F20200824205959659_K8MNF9HOH.jpg%2Ffe87_522_i1.jpg%3Ftype%3Dw450_fst_n%22&twidth=226&theight=226&opts=17
210,예천주 사월24,"22,000",375ml,증류주,24.0,,,2.0,3.0,,,2.0,,오리백숙,"오미자(국내산)증류원액, 건오미자(국내산)추출액, 정제수",농업회사법인(주)착한농부,https://dthumb-phinf.pstatic.net/?src=%22https%3A%2F%2Fdbscthumb-phinf.pstatic.net%2F4776_000_2%2F20190726144156439_7U3EE4DX0.jpg%2Ffe87_347_i1.jpg%3Ftype%3Dw450_fst_n%22&twidth=226&theight=226&opts=10
211,예천주 사월365,"29,000",375ml,증류주,36.5,,,2.0,3.0,,,3.0,,오리백숙,"오미자(국내산)증류원액, 건오미자(국내산)추출액, 정제수",농업회사법인(주)착한농부,https://dthumb-phinf.pstatic.net/?src=%22https%3A%2F%2Fdbscthumb-phinf.pstatic.net%2F4776_000_2%2F20190726144333888_R4834B6Z9.jpg%2Ffe87_348_i1.jpg%3Ftype%3Dw450_fst_n%22&twidth=226&theight=226&opts=10
212,예천주복 만월24,"12,800",350ml,증류주,40.0,,,3.0,4.0,,,3.0,,장어구이,"복분자(국내산)증류원액, 복분자(국내산)과즙, 정제수",농업회사법인(주)착한농부,https://dthumb-phinf.pstatic.net/?src=%22https%3A%2F%2Fdbscthumb-phinf.pstatic.net%2F4776_000_2%2F20190726182238240_8X3H2PP97.jpg%2Ffe87_426_i1.jpg%3Ftype%3Dw450_fst_n%22&twidth=226&theight=226&opts=10
213,예천주복 만월40,"19,200",350ml,증류주,40.0,,,4.0,4.0,,,3.0,,장어구이,"복분자(국내산)증류원액, 복분자(국내산)과즙, 정제수",,https://dthumb-phinf.pstatic.net/?src=%22https%3A%2F%2Fdbscthumb-phinf.pstatic.net%2F4776_000_2%2F20190726144523160_NIMQH610U.jpg%2Ffe87_349_i1.jpg%3Ftype%3Dw450_fst_n%22&twidth=226&theight=226&opts=10
214,왕율주,"8,000",330ml,증류주,25.0,,,3.0,3.0,,,3.0,,고기구이,"국내산 쌀, 밤, 누룩, 정제수",,https://dthumb-phinf.pstatic.net/?src=%22https%3A%2F%2Fdbscthumb-phinf.pstatic.net%2F4776_000_1%2F20181013025130251_63QGXGGMF.jpg%2Ffe87_286_i1.jpg%3Ftype%3Dw450_fst_n%22&twidth=226&theight=226&opts=10
215,원조 소곡화주,"14,000",300ml,증류주,41.0,,,2.0,3.0,,,3.0,,맑은 복지리 탕,"찹쌀, 멥쌀, 누룩",원조소곡주,https://dthumb-phinf.pstatic.net/?src=%22https%3A%2F%2Fdbscthumb-phinf.pstatic.net%2F4776_000_2%2F20190726140956360_ABATYK7C3.jpg%2Ffe87_332_i1.jpg%3Ftype%3Dw450_fst_n%22&twidth=226&theight=226&opts=17
216,이도 32,"37,000",750ml,증류주,32.0,2.0,,2.0,2.0,,,3.0,,"복지리탕, 우수육, 오복쟁반","물, 증류원액(유기농쌀, 국내산)",조은술 세종,https://dthumb-phinf.pstatic.net/?src=%22https%3A%2F%2Fdbscthumb-phinf.pstatic.net%2F4776_000_3%2F20220323115248563_T8SI1G2BM.png%2Ffe87_538_i1.png%3Ftype%3Dw450_fst_n%22&twidth=226&theight=226&opts=10
217,죽력고,"60,000",700ml,증류주,32.0,,,3.0,4.0,,,2.0,,떡갈비,"국내산쌀, 죽력, 누룩, 정제수",태인합동주조장,https://dthumb-phinf.pstatic.net/?src=%22https%3A%2F%2Fdbscthumb-phinf.pstatic.net%2F4776_000_1%2F20181013062804553_IHQ5WHVTU.png%2Ffe87_316_i1.png%3Ftype%3Dw450_fst_n%22&twidth=226&theight=226&opts=10
218,진맥소주 22%,"22,000",375ml,증류주,22.0,,,2.0,3.0,,,2.0,,돼지고기 수육,유기농 우리밀 100%,농업회사법인 (주)밀과노닐다,https://dthumb-phinf.pstatic.net/?src=%22https%3A%2F%2Fdbscthumb-phinf.pstatic.net%2F4776_000_2%2F20200824185914805_5IFXSQO6J.jpg%2Ffe87_477_i1.jpg%3Ftype%3Dw450_fst_n%22&twidth=226&theight=226&opts=17
219,진맥소주 40%,"22,000",200ml,증류주,40.0,,,2.0,4.0,,,3.0,,수육,유기농 우리밀 100%,,https://dthumb-phinf.pstatic.net/?src=%22https%3A%2F%2Fdbscthumb-phinf.pstatic.net%2F4776_000_2%2F20200824190127315_GY89XV6BA.jpg%2Ffe87_478_i1.jpg%3Ftype%3Dw450_fst_n%22&twidth=226&theight=226&opts=17
220,천년주,"15,000",375ml,증류주,25.0,,,2.0,2.0,,,3.0,,고기류,"쌀(국내산), 천년초(열매), 조효소제, 효모, 젖산, 정제효소, 구연산, 정제수",,https://dthumb-phinf.pstatic.net/?src=%22https%3A%2F%2Fdbscthumb-phinf.pstatic.net%2F4776_000_2%2F20190726180241574_69KI7JRWC.jpg%2Ffe87_419_i1.jpg%3Ftype%3Dw450_fst_n%22&twidth=226&theight=226&opts=17
221,추사40,"60,000",500ml,증류주,40.0,,,3.0,5.0,,,1.0,,생굴,사과,예산사과와인,https://dthumb-phinf.pstatic.net/?src=%22https%3A%2F%2Fdbscthumb-phinf.pstatic.net%2F4776_000_1%2F20181013074004673_41XZS2NSQ.jpg%2Ffe87_327_i1.jpg%3Ftype%3Dw450_fst_n%22&twidth=226&theight=226&opts=10
222,추사백25,"12,000",350ml,증류주,25.0,3.0,,2.0,4.0,,,2.0,,"생갈비, 지리탕","증류원액(사과증류원액, 사과: 국내산), 정제수",예산사과와인,https://dthumb-phinf.pstatic.net/?src=%22https%3A%2F%2Fdbscthumb-phinf.pstatic.net%2F4776_000_3%2F20220323120323827_ES7BLHUI1.jpg%2Ffe87_545_i1.jpg%3Ftype%3Dw450_fst_n%22&twidth=226&theight=226&opts=17
223,충주 백주,"7,800",375ml,증류주,35.0,,,3.0,4.0,,,2.0,,"매운 해물탕, 감자탕, 돼지고기 김치찌개","쌀증류원액(국내산), 당귀, 아스파탐, 아세설팜K, 구연산, 정제수",,https://dthumb-phinf.pstatic.net/?src=%22https%3A%2F%2Fdbscthumb-phinf.pstatic.net%2F4776_000_3%2F20200824210831895_DN05AFD6H.jpg%2Ffe87_525_i1.jpg%3Ftype%3Dw450_fst_n%22&twidth=226&theight=226&opts=17
224,타미앙스,"50,000",500ml,증류주,40.0,1.0,0.0,2.0,,2.0,,,,옥돔구이,"국내산 쌀, 국내산 한약재",추성고을,https://dthumb-phinf.pstatic.net/?src=%22https%3A%2F%2Fdbscthumb-phinf.pstatic.net%2F4776_000_1%2F20170113194355075_O4LHIF090.jpg%2Ffe87_022_i1.jpg%3Ftype%3Dw450_fst_n%22&twidth=226&theight=226&opts=10
225,톡 한잔 소주,"10,000",500ml,증류주,30.0,,,3.0,2.0,,,,2,"황태전골, 두부전골","찰보리 90%, 쌀 10%",,https://dthumb-phinf.pstatic.net/?src=%22https%3A%2F%2Fdbscthumb-phinf.pstatic.net%2F4776_000_1%2F20170522142452459_LWT7DC4Z1.JPG%2Ffe87_140_i1.JPG%3Ftype%3Dw450_fst_n%22&twidth=226&theight=226&opts=17
226,풍정사계 동(冬),"25,000",375ml,증류주,25.0,2.0,,3.0,3.0,,,,,생선찜,"찹쌀, 향온곡",화양,https://dthumb-phinf.pstatic.net/?src=%22https%3A%2F%2Fdbscthumb-phinf.pstatic.net%2F4776_000_1%2F20170524153220342_2CQL4W1U1.jpg%2Ffe87_219_i1.jpg%3Ftype%3Dw450_fst_n%22&twidth=226&theight=226&opts=17
227,풍정사계 동(冬),"35,000",375ml,증류주,45.0,2.0,,3.0,3.0,,,,,생선찜,"찹쌀, 향온곡",화양,https://dthumb-phinf.pstatic.net/?src=%22https%3A%2F%2Fdbscthumb-phinf.pstatic.net%2F4776_000_1%2F20170524153220342_2CQL4W1U1.jpg%2Ffe87_219_i1.jpg%3Ftype%3Dw450_fst_n%22&twidth=226&theight=226&opts=17
228,하향주,"45,000",750ml,증류주,17.0,,,4.0,3.0,,,3.0,,찜닭,찹쌀,하향주가,https://dthumb-phinf.pstatic.net/?src=%22https%3A%2F%2Fdbscthumb-phinf.pstatic.net%2F4776_000_2%2F20190726174628014_DCJLKSGOD.jpg%2Ffe87_412_i1.jpg%3Ftype%3Dw450_fst_n%22&twidth=226&theight=226&opts=17
229,한주,"12,000",360ml,증류주,35.0,,,3.0,3.0,,,3.0,,돼지고기,"국내산 쌀, 밀누룩, 정제수",한주양조,https://dthumb-phinf.pstatic.net/?src=%22https%3A%2F%2Fdbscthumb-phinf.pstatic.net%2F4776_000_1%2F20181013055327022_LED2K2EIT.png%2Ffe87_311_i1.png%3Ftype%3Dw450_fst_n%22&twidth=226&theight=226&opts=10
230,한주,"12,000",360ml,증류주,35.0,,,3.0,3.0,,,3.0,,돼지고기,"국내산 쌀, 밀누룩, 정제수",한주양조,https://dthumb-phinf.pstatic.net/?src=%22https%3A%2F%2Fdbscthumb-phinf.pstatic.net%2F5628_000_1%2F20181126155701899_G4KP3MNYW.jpg%2Ffe115_11_i1.jpg%3Ftype%3Dw450_fst_n%22&twidth=226&theight=226&opts=10
231,화주,"13,000",375ml,증류주,25.0,,,1.0,2.0,,,3.0,,삼계탕,"국내산 쌀, 홍삼농축액, 정제수",내국양조,https://dthumb-phinf.pstatic.net/?src=%22https%3A%2F%2Fdbscthumb-phinf.pstatic.net%2F4776_000_1%2F20181013015223485_UESTXR3T0.jpg%2Ffe87_279_i1.jpg%3Ftype%3Dw450_fst_n%22&twidth=226&theight=226&opts=10
232,황금보리소주17,"25,000",375ml,증류주,17.0,,,2.0,2.0,,,2.0,,"생선요리, 전","보리, 누룩, 정제수",,https://dthumb-phinf.pstatic.net/?src=%22https%3A%2F%2Fdbscthumb-phinf.pstatic.net%2F4776_000_2%2F20190726153349837_KZTC5TFDL.jpg%2Ffe87_367_i1.jpg%3Ftype%3Dw450_fst_n%22&twidth=226&theight=226&opts=10
233,청세주,"4,000",375ml,청세주,18.0,3.0,1.0,2.0,,1.0,,,,삼겹살,국내산 쌀,병영주조장,https://dthumb-phinf.pstatic.net/?src=%22https%3A%2F%2Fdbscthumb-phinf.pstatic.net%2F4776_000_1%2F20170116183356119_DD8DLHQU1.jpg%2Ffe87_095_i1.jpg%3Ftype%3Dw450_fst_n%22&twidth=226&theight=226&opts=17
234,1932 새싹땅콩 햅쌀막걸리,"15,000",500ml,탁주,6.0,2.0,2.0,1.0,,3.0,,,,디저트(케이크)/ 고기(돼지 갈비),"새싹땅콩+고시히카리 쌀, 새싹땅콩+진도산 흑미",1932포천일동막걸리,https://dthumb-phinf.pstatic.net/?src=%22https%3A%2F%2Fdbscthumb-phinf.pstatic.net%2F4776_000_1%2F20170529155654649_UCG6KNQ0X.jpg%2Ffe87_112_i1.jpg%3Ftype%3Dw450_fst_n%22&twidth=226&theight=226&opts=10
235,가평 잣 막걸리,"1,450",750ml,탁주,6.0,2.0,2.0,3.0,,3.0,,,,반찬,"쌀, 정제수, 쌀입국, 잣, 효모, 정제효소",,https://dthumb-phinf.pstatic.net/?src=%22https%3A%2F%2Fdbscthumb-phinf.pstatic.net%2F4776_000_1%2F20170112175112768_WMICP3MQF.jpg%2Ffe87_008_i1.jpg%3Ftype%3Dw450_fst_n%22&twidth=226&theight=226&opts=10
236,걍즐겨,"6,000",600ml,탁주,8.0,3.0,4.0,3.0,,3.0,,,,안주 없이 즐김,"멥쌀,찹쌀,누룩,프렌치세종,석류,히비스커스",디오케이브루어리,https://dthumb-phinf.pstatic.net/?src=%22https%3A%2F%2Fdbscthumb-phinf.pstatic.net%2F4776_000_2%2F20200824200514070_BKRPRP92K.jpg%2Ffe87_502_i1.jpg%3Ftype%3Dw450_fst_n%22&twidth=226&theight=226&opts=17
237,구름을 벗삼아,"1,500",750ml,탁주,6.0,3.0,3.0,3.0,,3.0,,,,가리비,"정제수, 찹쌀·백미(국내산햅쌀 100%), 입국",,https://dthumb-phinf.pstatic.net/?src=%22https%3A%2F%2Fdbscthumb-phinf.pstatic.net%2F4776_000_1%2F20170113200854803_A2QJ493XH.jpg%2Ffe87_058_i1.jpg%3Ftype%3Dw450_fst_n%22&twidth=226&theight=226&opts=10
238,기다림 16,"11,000",750ml,탁주,9.0,2.0,4.0,3.0,,2.0,,,,동래파전,"국내산 찹쌀, 국내산 흑미, 곡자, 정제수",제이케이크래프트,https://dthumb-phinf.pstatic.net/?src=%22https%3A%2F%2Fdbscthumb-phinf.pstatic.net%2F4776_000_2%2F20190726165930816_TPPKTIPLO.png%2Ffe87_396_i1.png%3Ftype%3Dw450_fst_n%22&twidth=226&theight=226&opts=17
239,기다림 25,"9,900",750ml,탁주,8.0,2.0,4.0,2.0,,2.0,,,,매운 잡채,"국내산 백미, 국내산 찹쌀, 곡자, 정제수",제이케이크래프트,https://dthumb-phinf.pstatic.net/?src=%22https%3A%2F%2Fdbscthumb-phinf.pstatic.net%2F4776_000_2%2F20190726170210672_OLP5HWC02.jpg%2Ffe87_397_i1.jpg%3Ftype%3Dw450_fst_n%22&twidth=226&theight=226&opts=17
240,기다림 34,"15,000",500ml,탁주,12.0,3.0,3.0,3.0,,3.0,,,,산미가 기름진 음식,"국내산 멥쌀, 국내산 찹쌀, 곡자, 정제수",제이케이크래프트,https://dthumb-phinf.pstatic.net/?src=%22https%3A%2F%2Fdbscthumb-phinf.pstatic.net%2F4776_000_2%2F20190726170454374_BVF9FZXK1.png%2Ffe87_398_i1.png%3Ftype%3Dw450_fst_n%22&twidth=226&theight=226&opts=17
241,김포 막걸리,"1,200",750ml,탁주,6.0,2.0,2.0,1.0,,3.0,,,,파전,"쌀, 누룩, 정제수",김포양조,https://dthumb-phinf.pstatic.net/?src=%22https%3A%2F%2Fdbscthumb-phinf.pstatic.net%2F4776_000_1%2F20181013051043394_5YRGMJIQ0.jpg%2Ffe87_305_i1.jpg%3Ftype%3Dw450_fst_n%22&twidth=226&theight=226&opts=10
242,까메오 막걸리,"5,000",550ml,탁주,6.0,3.0,1.0,2.0,,2.0,,,,샐러드,"정제수, 쌀, 효모, 누룩, 과당 등",낙천,https://dthumb-phinf.pstatic.net/?src=%22https%3A%2F%2Fdbscthumb-phinf.pstatic.net%2F4776_000_1%2F20170113202036157_D85TUP60H.jpg%2Ffe87_077_i1.jpg%3Ftype%3Dw450_fst_n%22&twidth=226&theight=226&opts=10
243,느린마을 막걸리,"2,300",750ml,탁주,6.0,3.0,1.0,2.0,,3.0,,,,새우 소금구이,"쌀, 국, 효모, 정제수",배상면주가,https://dthumb-phinf.pstatic.net/?src=%22https%3A%2F%2Fdbscthumb-phinf.pstatic.net%2F4776_000_1%2F20170113200951463_G4PWRXCHN.jpg%2Ffe87_060_i1.jpg%3Ftype%3Dw450_fst_n%22&twidth=226&theight=226&opts=10
244,다랭이팜 유자 막걸리,"4,000",750ml,탁주,6.0,1.0,5.0,2.0,,2.0,,,,아구포,"정제수, 유기농7분도쌀, 친환경유자원액, 혼합제과 누룩",농업회사법인 주식회사 다랭이팜,https://dthumb-phinf.pstatic.net/?src=%22https%3A%2F%2Fdbscthumb-phinf.pstatic.net%2F4776_000_1%2F20170113200429110_0QMCRE5XX.jpg%2Ffe87_051_i1.jpg%3Ftype%3Dw450_fst_n%22&twidth=226&theight=226&opts=10
245,담은,"15,000",750ml,탁주,6.5,3.0,1.0,2.0,,1.0,,,,스테이크,"정제수, 쌀(국내산), 입국, 효모, 기타과당, 정제효소제",포천일동막걸리,https://dthumb-phinf.pstatic.net/?src=%22https%3A%2F%2Fdbscthumb-phinf.pstatic.net%2F4776_000_1%2F20170529155848705_IVXGASJ7V.jpg%2Ffe87_110_i1.jpg%3Ftype%3Dw450_fst_n%22&twidth=226&theight=226&opts=10
246,도구 막걸리,"15,000",750ml,탁주,6.0,2.0,2.0,3.0,,3.0,,,,생선 조림,"밀(외국산), 쌀(국내산, 외국산), 물엿, 효모, 조제종국, 정제효소제, 아스파탐, 젖산",,https://dthumb-phinf.pstatic.net/?src=%22https%3A%2F%2Fdbscthumb-phinf.pstatic.net%2F4776_000_2%2F20190726155803330_N6EPZA7RB.jpg%2Ffe87_376_i1.jpg%3Ftype%3Dw450_fst_n%22&twidth=226&theight=226&opts=10
247,도깨비술 11%,"12,000",750ml,탁주,11.0,4.0,4.0,5.0,,3.0,,,,"마늘 정식, 쏘가리 매운탕, 메기 매운탕, 나물 요리","정제수, 쌀, 국,효모",도깨비양조장,https://dthumb-phinf.pstatic.net/?src=%22https%3A%2F%2Fdbscthumb-phinf.pstatic.net%2F4776_000_3%2F20200824205047515_ZVA72BP7U.jpg%2Ffe87_518_i1.jpg%3Ftype%3Dw450_fst_n%22&twidth=226&theight=226&opts=17
248,동정춘,"18,000",500ml,탁주,8.0,4.0,3.0,3.0,,2.0,,,,"갈비찜, 단맛이 약간 있는 음식","쌀, 누룩, 정제수",농업회사법인㈜산수,https://dthumb-phinf.pstatic.net/?src=%22https%3A%2F%2Fdbscthumb-phinf.pstatic.net%2F4776_000_1%2F20181013052411973_EG8HA2DG2.jpg%2Ffe87_307_i1.jpg%3Ftype%3Dw450_fst_n%22&twidth=226&theight=226&opts=10
249,만강에 비친 달,"12,000",500ml,탁주,10.0,2.0,3.0,3.0,,3.0,,,,찌개,"홍천쌀, 단호박, 곡자(밀누룩)",예술주조,https://dthumb-phinf.pstatic.net/?src=%22https%3A%2F%2Fdbscthumb-phinf.pstatic.net%2F4776_000_1%2F20170113200354565_70DEY1IM5.jpg%2Ffe87_049_i1.jpg%3Ftype%3Dw450_fst_n%22&twidth=226&theight=226&opts=10
250,맑은내일 발효막걸리,"2,200",750ml,탁주,7.0,3.0,3.0,4.0,,3.0,,,,"함박 스테이크, 파스타","쌀(국내산), 누룩, 효소, 아스파탐, 정제수",,https://dthumb-phinf.pstatic.net/?src=%22https%3A%2F%2Fdbscthumb-phinf.pstatic.net%2F4776_000_2%2F20200824192033822_GA7GGL0IM.jpg%2Ffe87_486_i1.jpg%3Ftype%3Dw450_fst_n%22&twidth=226&theight=226&opts=17
251,매실 막걸리,"3,500",750ml,탁주,7.0,3.0,2.0,1.0,,1.0,,,,더덕구이,"쌀, 매실과즙",백운주가,https://dthumb-phinf.pstatic.net/?src=%22https%3A%2F%2Fdbscthumb-phinf.pstatic.net%2F4776_000_1%2F20170522180121096_8XKUN4IHD.JPG%2Ffe87_177_i1.JPG%3Ftype%3Dw450_fst_n%22&twidth=226&theight=226&opts=17
252,미생 막걸리,"1,100",750ml,탁주,6.0,2.0,3.0,3.0,,3.0,,,,"닭도리탕, 감자탕","국내산 쌀, 누룩, 효모, 정제효소, 정제수",김포금쌀탁주 영농조합법인,https://dthumb-phinf.pstatic.net/?src=%22https%3A%2F%2Fdbscthumb-phinf.pstatic.net%2F4776_000_1%2F20181013061306620_1KUWMGMM9.jpg%2Ffe87_314_i1.jpg%3Ftype%3Dw450_fst_n%22&twidth=226&theight=226&opts=10
253,미소 생막걸리,"1,500",750ml,탁주,7.0,3.0,3.0,2.0,,3.0,,,,"대게, 홍게찜","쌀(국내산), 누룩, 정제수",울진술도가,https://dthumb-phinf.pstatic.net/?src=%22https%3A%2F%2Fdbscthumb-phinf.pstatic.net%2F4776_000_1%2F20181012214730340_BDCJUZ1W6.jpg%2Ffe87_247_i1.jpg%3Ftype%3Dw450_fst_n%22&twidth=226&theight=226&opts=10
254,미인탁주,"15,000",500ml,탁주,10.0,3.0,1.0,3.0,,1.0,,,,수육(돼지고기),"찹쌀, 누룩, 정제수",최행숙전통주가,https://dthumb-phinf.pstatic.net/?src=%22https%3A%2F%2Fdbscthumb-phinf.pstatic.net%2F4776_000_1%2F20181013034217923_6XFYFPG7Y.jpg%2Ffe87_292_i1.jpg%3Ftype%3Dw450_fst_n%22&twidth=226&theight=226&opts=10
255,바랑 탁,"18,000",375ml,탁주,15.0,4.0,2.0,4.0,,1.0,,,,불고기,"국내산 찹쌀, 국내산 멥쌀, 누룩, 소맥분, 정제수",금계당,https://dthumb-phinf.pstatic.net/?src=%22https%3A%2F%2Fdbscthumb-phinf.pstatic.net%2F4776_000_2%2F20200824195225929_MP2CDPJ0I.jpg%2Ffe87_497_i1.jpg%3Ftype%3Dw450_fst_n%22&twidth=226&theight=226&opts=17
256,백년향,"33,000",500ml,탁주,10.0,3.0,3.0,3.0,,2.0,,,,"조개찜, 전복구이, 담백한 요리","쌀,누룩,정제수",추연당,https://dthumb-phinf.pstatic.net/?src=%22https%3A%2F%2Fdbscthumb-phinf.pstatic.net%2F4776_000_2%2F20190726154131667_I73NBER42.jpg%2Ffe87_370_i1.jpg%3Ftype%3Dw450_fst_n%22&twidth=226&theight=226&opts=17
257,백련 생막걸리 snow (스노우),"1,600",750ml,탁주,6.0,2.0,2.0,2.0,,4.0,,,,숯불바베큐,"백미, 연잎, 정제수, 종국, 효모, 아스파탐, 물엿 등",신평양조장,https://dthumb-phinf.pstatic.net/?src=%22https%3A%2F%2Fdbscthumb-phinf.pstatic.net%2F4776_000_1%2F20170116182406377_QSCXEQ60W.jpg%2Ffe87_081_i1.jpg%3Ftype%3Dw450_fst_n%22&twidth=226&theight=226&opts=17
258,백자주,"18,000",500ml,탁주,10.0,3.0,3.0,3.0,,2.0,,,,"골뱅이무침, 소라무침","국내산 찹쌀, 멥쌀, 잣, 누룩, 정제수",농업회사법인㈜산수,https://dthumb-phinf.pstatic.net/?src=%22https%3A%2F%2Fdbscthumb-phinf.pstatic.net%2F4776_000_1%2F20181013053126008_E690GWAFO.jpg%2Ffe87_308_i1.jpg%3Ftype%3Dw450_fst_n%22&twidth=226&theight=226&opts=10
259,병영설성 동동주,"2,500",1700ml,탁주,6.0,2.0,2.0,2.0,,3.0,,,,"묵은 김치 볶음, 담치국, 두부김치","쌀(국내산), 전분, 효모, 누룩, 정제수",병영양조장,https://dthumb-phinf.pstatic.net/?src=%22https%3A%2F%2Fdbscthumb-phinf.pstatic.net%2F4776_000_2%2F20190726152439491_MNIORJTXK.png%2Ffe87_363_i1.png%3Ftype%3Dw450_fst_n%22&twidth=226&theight=226&opts=10
260,병영설성 생막걸리,"3,500",750ml,탁주,6.0,3.0,2.0,2.0,,2.0,,,,"새우 간장 절임, 남도 한정식","쌀(국내산), 효모, 누룩, 정제수",병영양조장,https://dthumb-phinf.pstatic.net/?src=%22https%3A%2F%2Fdbscthumb-phinf.pstatic.net%2F4776_000_2%2F20190726152214954_QUK17Q5TU.png%2Ffe87_362_i1.png%3Ftype%3Dw450_fst_n%22&twidth=226&theight=226&opts=10
261,볼빨간막걸리 10,"7,000",500ml,탁주,10.0,1.0,5.0,4.0,,4.0,,,,양지수육무침,"찹쌀(국내산), 누룩, 정제수",농업회사법인 (주)벗드림,https://dthumb-phinf.pstatic.net/?src=%22https%3A%2F%2Fdbscthumb-phinf.pstatic.net%2F4776_000_2%2F20200824201456044_9CYIGJSI8.jpg%2Ffe87_506_i1.jpg%3Ftype%3Dw450_fst_n%22&twidth=226&theight=226&opts=17
262,볼빨간막걸리 7,"5,000",500ml,탁주,7.0,1.0,4.0,2.0,,3.0,,,,오징어무침,"정제수, 찹쌀, 누룩",벗드림양조장,https://dthumb-phinf.pstatic.net/?src=%22https%3A%2F%2Fdbscthumb-phinf.pstatic.net%2F4776_000_2%2F20200824201225961_KRWPNU0W0.jpg%2Ffe87_505_i1.jpg%3Ftype%3Dw450_fst_n%22&twidth=226&theight=226&opts=17
263,봉하쌀 생막걸리,"2,000",750ml,탁주,6.0,1.0,2.0,2.0,,3.0,,,,홍어무침,"쌀(국내산), 정제효소, 젖산, 효모, 아스파탐, 정제수",농업회사법인 (주)봉하마을,https://dthumb-phinf.pstatic.net/?src=%22https%3A%2F%2Fdbscthumb-phinf.pstatic.net%2F4776_000_2%2F20200824165432702_GELK797R1.jpg%2Ffe87_432_i1.jpg%3Ftype%3Dw450_fst_n%22&twidth=226&theight=226&opts=17
264,봉하쌀 생막걸리,"2,000",750ml,탁주,6.0,1.0,2.0,2.0,,3.0,,,,홍어무침,"쌀(국내산), 정제효소, 젖산, 효모, 아스파탐, 정제수",,https://dthumb-phinf.pstatic.net/?src=%22https%3A%2F%2Fdbscthumb-phinf.pstatic.net%2F4776_000_2%2F20200824165432702_GELK797R1.jpg%2Ffe87_432_i1.jpg%3Ftype%3Dw450_fst_n%22&twidth=226&theight=226&opts=17
265,부자 10,"5,000",375ml,탁주,10.0,4.0,1.0,4.0,,1.0,,,,중국음식,경기미 100%,배혜정도가,https://dthumb-phinf.pstatic.net/?src=%22https%3A%2F%2Fdbscthumb-phinf.pstatic.net%2F4776_000_1%2F20170112175209439_R80JW7O1W.jpg%2Ffe87_012_i1.jpg%3Ftype%3Dw450_fst_n%22&twidth=226&theight=226&opts=10
266,붉은 원숭이,"7,000",375ml,탁주,10.8,4.0,2.0,2.0,,2.0,,,,바비큐,"쌀(국내산 경기미 100%), 누룩, 홍국, 정제수",술샘,https://dthumb-phinf.pstatic.net/?src=%22https%3A%2F%2Fdbscthumb-phinf.pstatic.net%2F4776_000_1%2F20170112175155456_M0XP15G2K.jpg%2Ffe87_011_i1.jpg%3Ftype%3Dw450_fst_n%22&twidth=226&theight=226&opts=10
267,산막 생유 막걸리,"1,200",750ml,탁주,6.0,1.0,3.0,2.0,,3.0,,,,닭갈비,"국내산 쌀, 소맥분, 종국, 효모",농업회사법인 신탄진주조(주),https://dthumb-phinf.pstatic.net/?src=%22https%3A%2F%2Fdbscthumb-phinf.pstatic.net%2F4776_000_1%2F20170522193445714_N71Q2GOCS.JPG%2Ffe87_191_i1.JPG%3Ftype%3Dw450_fst_n%22&twidth=226&theight=226&opts=17
268,산정호수 동정춘막걸리,"20,000",720ml,탁주,6.0,5.0,1.0,4.0,,4.0,,,,떡,"국내산 쌀, 누룩, 정제수",(주)농업회사법인 술빚는 전가네,https://dthumb-phinf.pstatic.net/?src=%22https%3A%2F%2Fdbscthumb-phinf.pstatic.net%2F4776_000_2%2F20190726140234357_98MLRQ66S.jpg%2Ffe87_329_i1.jpg%3Ftype%3Dw450_fst_n%22&twidth=226&theight=226&opts=17
269,삼선,"15,000",500ml,탁주,10.0,1.0,4.0,2.0,,2.0,,,,녹두전,"국내산쌀, 누룩, 정제수",농업회사법인 두루(주),https://dthumb-phinf.pstatic.net/?src=%22https%3A%2F%2Fdbscthumb-phinf.pstatic.net%2F4776_000_2%2F20190726154556434_9S2FI6F9I.jpg%2Ffe87_372_i1.jpg%3Ftype%3Dw450_fst_n%22&twidth=226&theight=226&opts=17
270,생 청주 막걸리,"1,500",750ml,탁주,6.0,2.0,1.0,3.0,,3.0,,,,더덕구이,"쌀, 소맥분, 국, 조제종국, 효모, 물엿 등",조은술 세종,https://dthumb-phinf.pstatic.net/?src=%22https%3A%2F%2Fdbscthumb-phinf.pstatic.net%2F4776_000_1%2F20170113194211635_PZCQBF72F.jpg%2Ffe87_019_i1.jpg%3Ftype%3Dw450_fst_n%22&twidth=226&theight=226&opts=10
271,석탄주 탁주,"6,000",500ml,탁주,15.0,2.0,3.0,4.0,,3.0,,,,샐러드,"국내산 찹쌀, 누룩, 정제수",케이소주,https://dthumb-phinf.pstatic.net/?src=%22https%3A%2F%2Fdbscthumb-phinf.pstatic.net%2F4776_000_2%2F20190726184201385_S31Z8SZXO.jpg%2Ffe87_341_i1.jpg%3Ftype%3Dw450_fst_n%22&twidth=226&theight=226&opts=10
272,선운산의 아침 복분자막걸리,"28,000",750ml,탁주,6.0,2.0,2.0,2.0,,1.0,,,,생선찜,"복분자, 쌀, 효모, 국, 과당, 구연산, 젖산, 정제수",,https://dthumb-phinf.pstatic.net/?src=%22https%3A%2F%2Fdbscthumb-phinf.pstatic.net%2F4776_000_1%2F20170522123454919_KF7TU50RL.jpg%2Ffe87_122_i1.jpg%3Ftype%3Dw450_fst_n%22&twidth=226&theight=226&opts=17
273,선호 생막걸리,"1,700",750ml,탁주,6.0,2.0,3.0,3.0,,3.0,,,,"달콤하고 매운 음식, 닭도리탕, 감자탕","국내산 쌀, 누룩, 효모, 정제효소, 천연감미료, 정제수",김포금쌀탁주영농조합법인,https://dthumb-phinf.pstatic.net/?src=%22https%3A%2F%2Fdbscthumb-phinf.pstatic.net%2F4776_000_1%2F20181013060525629_3F1OK8L05.jpg%2Ffe87_313_i1.jpg%3Ftype%3Dw450_fst_n%22&twidth=226&theight=226&opts=10
274,설성 만월 막걸리,"4,000",750ml,탁주,6.0,2.0,3.0,3.0,,2.0,,,,새우 간장 절임,"정제수, 유기농쌀국내산, 누룩, 유기농올리고당 등",병영주조장,https://dthumb-phinf.pstatic.net/?src=%22https%3A%2F%2Fdbscthumb-phinf.pstatic.net%2F4776_000_1%2F20170113200801672_EP3U3EP0J.jpg%2Ffe87_057_i1.jpg%3Ftype%3Dw450_fst_n%22&twidth=226&theight=226&opts=17
275,설하담,"7,400",950ml,탁주,8.0,3.0,1.0,2.0,,4.0,,,,양념된 돼지고기,"국내산 멥쌀 100%, 개량 누룩, 정제수, 이산화탄소",리큐랩주식회사,https://dthumb-phinf.pstatic.net/?src=%22https%3A%2F%2Fdbscthumb-phinf.pstatic.net%2F4776_000_2%2F20190726163453158_PCRO5EQ00.jpg%2Ffe87_388_i1.jpg%3Ftype%3Dw450_fst_n%22&twidth=226&theight=226&opts=17
276,성포 생막걸리,"1,100",750ml,탁주,6.0,3.0,3.0,3.0,,3.0,,,,"미나리전, 무침","쌀(국내산), 소맥분(미국산), 전분당, 정제수, 무농약 미나리추출액, 정제효소, 종국, 효모, 아스파탐",성포양조장,https://dthumb-phinf.pstatic.net/?src=%22https%3A%2F%2Fdbscthumb-phinf.pstatic.net%2F4776_000_2%2F20200824181948661_RWKY053PU.jpg%2Ffe87_463_i1.jpg%3Ftype%3Dw450_fst_n%22&twidth=226&theight=226&opts=17
277,세종 오가닉,"9,000",375ml,탁주,13.0,1.0,3.0,1.0,,,,3.0,,생선찜,"정제수, 유기농 백미, 국, 효모, 정제효소, 구연산",조은술 세종,https://dthumb-phinf.pstatic.net/?src=%22https%3A%2F%2Fdbscthumb-phinf.pstatic.net%2F4776_000_1%2F20170222182300868_U0V5IFB53.jpg%2Ffe87_079_i1.jpg%3Ftype%3Dw450_fst_n%22&twidth=226&theight=226&opts=10
278,세종대왕어주 탁주,"16,900",500ml,탁주,13.0,3.0,3.0,2.0,,1.0,,,,매운 갈비찜,"쌀(국내산), 누룩, 정제수",장희,https://dthumb-phinf.pstatic.net/?src=%22https%3A%2F%2Fdbscthumb-phinf.pstatic.net%2F4776_000_2%2F20200824171105629_VRT6QDXNZ.jpg%2Ffe87_437_i1.jpg%3Ftype%3Dw450_fst_n%22&twidth=226&theight=226&opts=17
279,소백산 검은콩 막걸리,"3,000",1500ml,탁주,6.0,3.0,1.0,3.0,,1.0,,,,두부요리,쌀,대강양조장,https://dthumb-phinf.pstatic.net/?src=%22https%3A%2F%2Fdbscthumb-phinf.pstatic.net%2F4776_000_1%2F20170224173113670_EX0LST65L.jpg%2Ffe87_097_i1.jpg%3Ftype%3Dw450_fst_n%22&twidth=226&theight=226&opts=10
280,소백산 생 막걸리,"1,980",1700ml,탁주,6.0,2.0,3.0,2.0,,2.0,,,,버섯전골,쌀,대강양조장,https://dthumb-phinf.pstatic.net/?src=%22https%3A%2F%2Fdbscthumb-phinf.pstatic.net%2F4776_000_1%2F20170113200915723_8UAL5M7DW.jpg%2Ffe87_059_i1.jpg%3Ftype%3Dw450_fst_n%22&twidth=226&theight=226&opts=17
281,소양강 생 막걸리,"1,200",750ml,탁주,6.0,1.0,3.0,3.0,,2.0,,,,황태구이,"백미, 소맥분, 정제수, 팽화미, 아스파탐, 물엿, 정제수","소양강도가(구, 천정양조장)",https://dthumb-phinf.pstatic.net/?src=%22https%3A%2F%2Fdbscthumb-phinf.pstatic.net%2F4776_000_1%2F20170224173530761_S3FIN8O8J.jpg%2Ffe87_055_i1.jpg%3Ftype%3Dw450_fst_n%22&twidth=226&theight=226&opts=10
282,송명섭 막걸리,"3,000",500ml,탁주,6.0,1.0,3.0,3.0,,3.0,,,,"맵고 짠 한식, 고기","국내산쌀, 곡자, 정제수",태인합동주조장,https://dthumb-phinf.pstatic.net/?src=%22https%3A%2F%2Fdbscthumb-phinf.pstatic.net%2F4776_000_1%2F20181013063235756_GV9IBYQ6O.jpg%2Ffe87_317_i1.jpg%3Ftype%3Dw450_fst_n%22&twidth=226&theight=226&opts=10
283,술그리다 생탁주,"9,000",500ml,탁주,10.0,2.0,1.0,1.0,,1.0,,,,"백숙, 양념되지 않은 음식","국내산쌀, 누룩",좋은술,https://dthumb-phinf.pstatic.net/?src=%22https%3A%2F%2Fdbscthumb-phinf.pstatic.net%2F4776_000_1%2F20181013040621700_PPXZ4M93W.jpg%2Ffe87_296_i1.jpg%3Ftype%3Dw450_fst_n%22&twidth=226&theight=226&opts=10
284,술예쁘다 생탁주,"18,000",500ml,탁주,13.0,1.0,3.0,2.0,,1.0,,,,홍어무침,"국내산 쌀, 누룩",좋은술,https://dthumb-phinf.pstatic.net/?src=%22https%3A%2F%2Fdbscthumb-phinf.pstatic.net%2F4776_000_1%2F20181013041250159_I7F6QEQ6P.jpg%2Ffe87_297_i1.jpg%3Ftype%3Dw450_fst_n%22&twidth=226&theight=226&opts=10
285,술취한 원숭이,"7,000",375ml,탁주,10.8,4.0,2.0,2.0,,2.0,,,,생선찜,"쌀(국내산 경기미 100%), 누룩, 홍국, 정제수",술샘,https://dthumb-phinf.pstatic.net/?src=%22https%3A%2F%2Fdbscthumb-phinf.pstatic.net%2F4776_000_1%2F20170224110556451_9XTH58QMX.jpg%2Ffe87_064_i1.jpg%3Ftype%3Dw450_fst_n%22&twidth=226&theight=226&opts=10
286,술헤는밤,"5,900",750ml,탁주,8.0,2.0,4.0,3.0,,2.0,,,,홍천 산나물 무침,"쌀(국내산), 누룩(국내산)",두루전통양조,https://dthumb-phinf.pstatic.net/?src=%22https%3A%2F%2Fdbscthumb-phinf.pstatic.net%2F4776_000_2%2F20190726182743605_2KW4YLDGV.jpg%2Ffe87_428_i2.jpg%3Ftype%3Dw450_fst_n%22&twidth=226&theight=226&opts=17
287,아이싱 자몽,"5,000",350ml,탁주,4.0,3.0,1.0,3.0,,1.0,,,,케잌 같은 디저트 음식,"쌀, 자몽엑기스",국순당,https://dthumb-phinf.pstatic.net/?src=%22https%3A%2F%2Fdbscthumb-phinf.pstatic.net%2F4776_000_1%2F20170424210703971_O0KFCSYQL.jpg%2Ffe87_104_i1.jpg%3Ftype%3Dw450_fst_n%22&twidth=226&theight=226&opts=10
288,아이원 막걸리,"1,000",750ml,탁주,6.0,3.0,3.0,2.0,,3.0,,,,"도토리묵, 겉절이, 나물","쌀, 밀, 입국, 누룩, 정제수",이원양조장,https://dthumb-phinf.pstatic.net/?src=%22https%3A%2F%2Fdbscthumb-phinf.pstatic.net%2F4776_000_1%2F20181012192113640_88TIU6V5T.jpg%2Ffe87_231_i1.jpg%3Ftype%3Dw450_fst_n%22&twidth=226&theight=226&opts=10
289,야관문 쌀 막걸리,"1,500",750ml,탁주,6.0,1.0,3.0,1.0,,2.0,,,,야채 샐러드,"팽화미, 입국, 효모, 곡자(밀), 정제수, 야관문잎 줄기 추출액 등",지리산 운봉주조,https://dthumb-phinf.pstatic.net/?src=%22https%3A%2F%2Fdbscthumb-phinf.pstatic.net%2F4776_000_1%2F20170523190623083_YODHLWOOD.jpg%2Ffe87_228_i1.jpg%3Ftype%3Dw450_fst_n%22&twidth=226&theight=226&opts=17
290,양촌 생 동동주,"2,300",750ml,탁주,10.0,3.0,1.0,2.0,,2.0,,,,김치전,"정제수, 백미 효소제, 효모 등",양촌양조,https://dthumb-phinf.pstatic.net/?src=%22https%3A%2F%2Fdbscthumb-phinf.pstatic.net%2F4776_000_1%2F20170224173651762_0RT14ZQ2Y.jpg%2Ffe87_073_i1.jpg%3Ftype%3Dw450_fst_n%22&twidth=226&theight=226&opts=10
291,양촌 생 막걸리,"30,000",750ml,탁주,6.0,2.0,3.0,2.0,,2.0,,,,두부에 겉절이 김치,"팽화미, 소맥분, 정제수, 물엿, 효소, 국 등",양촌양조,https://dthumb-phinf.pstatic.net/?src=%22https%3A%2F%2Fdbscthumb-phinf.pstatic.net%2F4776_000_1%2F20170113201813816_EM4S2IAYG.jpg%2Ffe87_074_i1.jpg%3Ftype%3Dw450_fst_n%22&twidth=226&theight=226&opts=17
292,연천 아주,"6,000",750ml,탁주,8.0,4.0,4.0,4.0,,,4.0,,,"오징어초무침, 고등어김치찜, 연어포케","쌀(국내산), 누룩, 정제수",농업회사법인 연천양조㈜,https://dthumb-phinf.pstatic.net/?src=%22https%3A%2F%2Fdbscthumb-phinf.pstatic.net%2F4776_000_3%2F20200824205322335_QAZ944VJV.jpg%2Ffe87_519_i1.jpg%3Ftype%3Dw450_fst_n%22&twidth=226&theight=226&opts=17
293,영일만친구 막걸리,"15,000",750ml,탁주,6.0,2.0,2.0,2.0,,3.0,,,,우뭇가사리 무침,"국내산 쌀, 물엿, 우뭇가사리, 효모, 조제 종국, 정제효소제, 아스파탐, 젖산",동해명주,https://dthumb-phinf.pstatic.net/?src=%22https%3A%2F%2Fdbscthumb-phinf.pstatic.net%2F4776_000_2%2F20190726155506629_T0UKWWUJW.jpg%2Ffe87_375_i1.jpg%3Ftype%3Dw450_fst_n%22&twidth=226&theight=226&opts=17
294,오곡 진상주,,750ml,탁주,7.0,1.0,4.0,3.0,,3.0,,,,백설기,"쌀, 밀, 보리, 옥수수, 조 등",대강양조장,https://dthumb-phinf.pstatic.net/?src=%22https%3A%2F%2Fdbscthumb-phinf.pstatic.net%2F4776_000_1%2F20170113200411481_59P7SS49K.jpg%2Ffe87_050_i1.jpg%3Ftype%3Dw450_fst_n%22&twidth=226&theight=226&opts=17
295,오매백주,"5,000",500ml,탁주,12.0,5.0,1.0,1.0,,1.0,,,,견과류,"쌀(국내산), 국, 효모, 정제수",,https://dthumb-phinf.pstatic.net/?src=%22https%3A%2F%2Fdbscthumb-phinf.pstatic.net%2F4776_000_2%2F20200824191550561_8K2FAWU49.jpg%2Ffe87_484_i1.jpg%3Ftype%3Dw450_fst_n%22&twidth=226&theight=226&opts=17
296,오미자 생막걸리,"2,500",750ml,탁주,6.5,2.0,3.0,2.0,,2.0,,,,소고기 구이,"정제수, 백미(국내산), 입국(쌀, 밀), 올리고당, 물엿, 허브(유기농), 오미자 2.4%(국내산, 문경로동산), 정제효소, 아스파탐·아세셀펌칼륨(함성감미료, 메닐알라닌 함유)",문경주조,https://dthumb-phinf.pstatic.net/?src=%22https%3A%2F%2Fdbscthumb-phinf.pstatic.net%2F4776_000_1%2F20170113201021525_BNNMKXHFB.jpg%2Ffe87_061_i1.jpg%3Ftype%3Dw450_fst_n%22&twidth=226&theight=226&opts=10
297,오산막걸리,"3,000",500ml,탁주,6.0,2.0,4.0,3.0,,2.0,,,,"홍어무침, 오징어무침","쌀(국내산), 국, 효모, 정제수",농업회사법인 오산양조㈜,https://dthumb-phinf.pstatic.net/?src=%22https%3A%2F%2Fdbscthumb-phinf.pstatic.net%2F4776_000_2%2F20200824191242181_FJ88S223Q.jpg%2Ffe87_483_i1.jpg%3Ftype%3Dw450_fst_n%22&twidth=226&theight=226&opts=17
298,오희 스파클링 막걸리,"36,000",500ml,탁주,8.5,1.0,3.0,2.0,,3.0,,,,장어구이,"백미, 건오미자, 조효소제, 효모, 정제수",문경주조,https://dthumb-phinf.pstatic.net/?src=%22https%3A%2F%2Fdbscthumb-phinf.pstatic.net%2F4776_000_1%2F20181013074635363_B418GXNIW.jpg%2Ffe87_328_i1.jpg%3Ftype%3Dw450_fst_n%22&twidth=226&theight=226&opts=10
299,왕피천을 품은 미소생막걸리,"1,200",750ml,탁주,7.0,3.0,3.0,2.0,,3.0,,,,"대게, 홍게찜","쌀, 누룩, 정제수",울진술도가,https://dthumb-phinf.pstatic.net/?src=%22https%3A%2F%2Fdbscthumb-phinf.pstatic.net%2F4776_000_1%2F20181012215850325_E1PT0EEQ0.jpg%2Ffe87_248_i1.jpg%3Ftype%3Dw450_fst_n%22&twidth=226&theight=226&opts=10
300,우곡생주,"6,500",750ml,탁주,10.0,4.0,2.0,5.0,,2.0,,,,불고기,"국내산 쌀, 누룩, 효모, 정제수",배혜정도가,https://dthumb-phinf.pstatic.net/?src=%22https%3A%2F%2Fdbscthumb-phinf.pstatic.net%2F4776_000_2%2F20200824164610847_R17NA44MR.jpg%2Ffe87_429_i1.jpg%3Ftype%3Dw450_fst_n%22&twidth=226&theight=226&opts=10
301,우곡생주,"6,500",750ml,탁주,10.0,4.0,2.0,5.0,,2.0,,,,불고기,"쌀(국내산), 국, 효모, 정제수",,https://dthumb-phinf.pstatic.net/?src=%22https%3A%2F%2Fdbscthumb-phinf.pstatic.net%2F4776_000_2%2F20200824164610847_R17NA44MR.jpg%2Ffe87_429_i1.jpg%3Ftype%3Dw450_fst_n%22&twidth=226&theight=226&opts=10
302,우렁이쌀 손 막걸리,"2,600",750ml,탁주,7.5,4.0,1.0,2.0,,3.0,,,,샐러드,국내산 쌀,양촌양조,https://dthumb-phinf.pstatic.net/?src=%22https%3A%2F%2Fdbscthumb-phinf.pstatic.net%2F4776_000_1%2F20170113200543523_7CWJECXTW.jpg%2Ffe87_054_i1.jpg%3Ftype%3Dw450_fst_n%22&twidth=226&theight=226&opts=17
303,율무 동동주,"14,000",750ml,탁주,14.0,2.0,4.0,4.0,,3.0,,,,온더록스로 한잔,"쌀(국내산), 누룩, 효모, 연천 율무, 정제수",농업회사법인 연천양조㈜,https://dthumb-phinf.pstatic.net/?src=%22https%3A%2F%2Fdbscthumb-phinf.pstatic.net%2F4776_000_3%2F20200824205542822_VHZJ2WXH2.jpg%2Ffe87_520_i1.jpg%3Ftype%3Dw450_fst_n%22&twidth=226&theight=226&opts=17
304,은자골 곶감 생 탁배기,"1,500",750ml,탁주,6.0,1.0,1.0,1.0,,3.0,,,,양념을 많이 하지 않은 생선회,"백미, 소맥분, 정제수, 곶감분말, 전분당, 국, 누룩, 효소, 아스파탐 등",은척 양조장,https://dthumb-phinf.pstatic.net/?src=%22https%3A%2F%2Fdbscthumb-phinf.pstatic.net%2F4776_000_1%2F20170116183007288_5OQ57BFPD.jpg%2Ffe87_089_i1.jpg%3Ftype%3Dw450_fst_n%22&twidth=226&theight=226&opts=17
305,은자골 생 탁배기,"1,500",750ml,탁주,5.0,1.0,3.0,3.0,,3.0,,,,파전,국내산 쌀,은척양조장,https://dthumb-phinf.pstatic.net/?src=%22https%3A%2F%2Fdbscthumb-phinf.pstatic.net%2F4776_000_1%2F20170116182946252_U21CE6PE9.jpg%2Ffe87_088_i1.jpg%3Ftype%3Dw450_fst_n%22&twidth=226&theight=226&opts=10
306,이동 생 쌀 막걸리,"1,300",750ml,탁주,6.0,1.0,3.0,2.0,,3.0,,,,갈비찜,"정제수, 백미, 팽화미, 입국, 아스파탐 등",이동주조,https://dthumb-phinf.pstatic.net/?src=%22https%3A%2F%2Fdbscthumb-phinf.pstatic.net%2F4776_000_1%2F20170116182607367_R1A6R4GR5.jpg%2Ffe87_084_i1.jpg%3Ftype%3Dw450_fst_n%22&twidth=226&theight=226&opts=17
307,이동 쌀 막걸리,"1,600",1200ml,탁주,6.0,3.0,1.0,3.0,,1.0,,,,도토리 묵,"정제수, 백미, 팽화미, 입국, 아스파탐",,https://dthumb-phinf.pstatic.net/?src=%22https%3A%2F%2Fdbscthumb-phinf.pstatic.net%2F4776_000_1%2F20170116182703122_SP1FPJH1H.jpg%2Ffe87_085_i1.jpg%3Ftype%3Dw450_fst_n%22&twidth=226&theight=226&opts=17
308,이상헌 탁주,"25,000",500ml,탁주,19.0,2.0,3.0,3.0,,3.0,,,,샐러드,"아산쌀, 국(국내산 밀누룩), 정제수",이가수불,https://dthumb-phinf.pstatic.net/?src=%22https%3A%2F%2Fdbscthumb-phinf.pstatic.net%2F4776_000_2%2F20190726181609891_9HASGK8MD.jpg%2Ffe87_424_i1.jpg%3Ftype%3Dw450_fst_n%22&twidth=226&theight=226&opts=17
309,이화백주,"12,000",940ml,탁주,6.0,3.0,3.0,3.0,,4.0,,,,"갈비찜, 해물파전, 보쌈, 족발","정제수, 쌀(국내산), 누룩, 설탕, 물엿, 밀, 아스파탐",이화백주,https://dthumb-phinf.pstatic.net/?src=%22https%3A%2F%2Fdbscthumb-phinf.pstatic.net%2F4776_000_1%2F20181013023517407_AEIEZYQYW.jpg%2Ffe87_284_i1.jpg%3Ftype%3Dw450_fst_n%22&twidth=226&theight=226&opts=10
310,이화주,"6,500",100ml,탁주,8.0,4.0,1.0,5.0,,0.0,,,,,"쌀(국내산 경기미 100%), 누룩, 정제수",술샘,https://dthumb-phinf.pstatic.net/?src=%22https%3A%2F%2Fdbscthumb-phinf.pstatic.net%2F4776_000_1%2F20170112175100522_ZPXECQKAN.jpg%2Ffe87_007_i1.jpg%3Ftype%3Dw450_fst_n%22&twidth=226&theight=226&opts=10
311,인천 생 소성주,"1,200",750ml,탁주,6.0,1.0,2.0,2.0,,1.0,,,,생선회,"쌀, 팽화미, 정제수, 국, 효모, 아스파탐, 효소, 이소말토 올리고당",인천탁주,https://dthumb-phinf.pstatic.net/?src=%22https%3A%2F%2Fdbscthumb-phinf.pstatic.net%2F4776_000_1%2F20170224173842228_JAPYM0YLK.jpg%2Ffe87_069_i1.jpg%3Ftype%3Dw450_fst_n%22&twidth=226&theight=226&opts=10
312,입장탁주,"1,200",750ml,탁주,7.0,2.0,2.0,2.0,,2.0,,,,버섯 전골류,국내산 쌀,(농) 입장주조㈜,https://dthumb-phinf.pstatic.net/?src=%22https%3A%2F%2Fdbscthumb-phinf.pstatic.net%2F4776_000_1%2F20170522211939648_RSBDLHPP8.jpg%2Ffe87_207_i1.jpg%3Ftype%3Dw450_fst_n%22&twidth=226&theight=226&opts=17
313,자연담은 복분자막걸리,"56,000",360ml,탁주,6.0,2.0,1.0,1.0,,1.0,,,장어구이,"김부각, 가자미식해","국내산 복분자(고창), 정제수",(농)국순당고창명주㈜,https://dthumb-phinf.pstatic.net/?src=%22https%3A%2F%2Fdbscthumb-phinf.pstatic.net%2F5628_000_1%2F20181126171049520_ZXWYBJ24S.jpg%2Ffe115_24_i1.jpg%3Ftype%3Dw450_fst_n%22&twidth=226&theight=226&opts=10
314,자연담은 복분자막걸리,"56,000",360ml,탁주,6.0,2.0,1.0,1.0,,1.0,,,장어구이,"김부각, 가자미식해","국내산 복분자(고창), 정제수",(농)국순당고창명주㈜,https://dthumb-phinf.pstatic.net/?src=%22https%3A%2F%2Fdbscthumb-phinf.pstatic.net%2F4776_000_1%2F20170522123221840_G4P0YTZ58.jpg%2Ffe87_121_i1.jpg%3Ftype%3Dw450_fst_n%22&twidth=226&theight=226&opts=17
315,자희향,"16,000",500ml,탁주,12.0,2.0,2.0,3.0,,1.0,,,,해물찜,"찹쌀(국내산), 멥쌀(국내산), 누룩(국내산), 정제수",자희자양,https://dthumb-phinf.pstatic.net/?src=%22https%3A%2F%2Fdbscthumb-phinf.pstatic.net%2F4776_000_1%2F20170116183118175_U4EJO6174.jpg%2Ffe87_091_i1.jpg%3Ftype%3Dw450_fst_n%22&twidth=226&theight=226&opts=17
316,자희향 나비,"8,000",500ml,탁주,8.0,2.0,1.0,2.0,,2.0,,,,피자,"찹쌀(국내산), 멥쌀(국내산), 누룩(국내산), 정제수",자희자양,https://dthumb-phinf.pstatic.net/?src=%22https%3A%2F%2Fdbscthumb-phinf.pstatic.net%2F4776_000_1%2F20170116183201205_8SIW8ALJ3.jpg%2Ffe87_092_i1.jpg%3Ftype%3Dw450_fst_n%22&twidth=226&theight=226&opts=17
317,장홍삼 장수 막걸리,"2,000",750ml,탁주,6.0,1.0,4.0,1.0,,3.0,,,,삼겹살,"백미,말토올리고당,홍삼분말",서울장수(주),https://dthumb-phinf.pstatic.net/?src=%22https%3A%2F%2Fdbscthumb-phinf.pstatic.net%2F4776_000_1%2F20170522182741719_2I4CNBTWW.jpg%2Ffe87_181_i1.jpg%3Ftype%3Dw450_fst_n%22&twidth=226&theight=226&opts=17
318,정고집 나주쌀 생막걸리,"1,200",750ml,탁주,6.0,3.0,3.0,3.0,,3.0,,,,홍어삼합,"쌀, 쌀가루(국내산), 조제종국, 정제효소, 젖산, 아스파탐, 아세셀팜칼",남도탁주,https://dthumb-phinf.pstatic.net/?src=%22https%3A%2F%2Fdbscthumb-phinf.pstatic.net%2F4776_000_2%2F20190726165132572_E44A7UG5Z.jpg%2Ffe87_393_i1.jpg%3Ftype%3Dw450_fst_n%22&twidth=226&theight=226&opts=10
319,정고집 옛날 생동동주,"2,500",750ml,탁주,6.0,3.0,3.0,3.0,,4.0,,,,"두부김치, 부침개, 감자전","쌀, 쌀가루(국내산), 조제종국, 정제효소, 젖산, 아스파탐, 아세셀팜칼",,https://dthumb-phinf.pstatic.net/?src=%22https%3A%2F%2Fdbscthumb-phinf.pstatic.net%2F4776_000_2%2F20190726164755981_C1PR20GOK.jpg%2Ffe87_392_i1.jpg%3Ftype%3Dw450_fst_n%22&twidth=226&theight=226&opts=10
320,주산지 막걸리,"1,200",750ml,탁주,6.0,2.0,1.0,2.0,,2.0,,,,양념된 고기류,"쌀(국내산), 밀가루, 누룩, 입국, 효모, 고과당, 물엿, 아스파탐, 삭카린나트륨, 정제수",청송양조장,https://dthumb-phinf.pstatic.net/?src=%22https%3A%2F%2Fdbscthumb-phinf.pstatic.net%2F4776_000_3%2F20200824203948947_PV31M5Z6C.jpg%2Ffe87_513_i1.jpg%3Ftype%3Dw450_fst_n%22&twidth=226&theight=226&opts=17
321,지란지교 무화과 탁주,"30,000",500ml,탁주,12.0,4.0,4.0,4.0,,1.0,,,,"갈치조림, 고등어무조림, 무화과타르트","찹쌀, 멥쌀(국내산), 전통누룩(국내산 밀), 정제수, 무화과청, 레드비트분말, 밀함유",,https://dthumb-phinf.pstatic.net/?src=%22https%3A%2F%2Fdbscthumb-phinf.pstatic.net%2F4776_000_3%2F20220323120017200_AM87U91ML.jpg%2Ffe87_542_i1.jpg%3Ftype%3Dw450_fst_n%22&twidth=226&theight=226&opts=17
322,지리산 정담 생쌀 막걸리,"1,500",750ml,탁주,6.0,1.0,3.0,1.0,,2.0,,,,과일 샐러드,"쌀(국내산), 종국, 정제수, 누룩, 효모",운봉주조,https://dthumb-phinf.pstatic.net/?src=%22https%3A%2F%2Fdbscthumb-phinf.pstatic.net%2F4776_000_1%2F20170522232536195_HS5IGCOE5.jpg%2Ffe87_227_i1.jpg%3Ftype%3Dw450_fst_n%22&twidth=226&theight=226&opts=17
323,지장수 호박 생 막걸리,"1,400",750ml,탁주,6.0,3.0,1.0,2.0,,2.0,,,,메밀전,"정제수(지장수), 쌀, 효모, 누룩, 과당 등",낙천,https://dthumb-phinf.pstatic.net/?src=%22https%3A%2F%2Fdbscthumb-phinf.pstatic.net%2F4776_000_1%2F20170113201110001_EGGIZFESP.jpg%2Ffe87_063_i1.jpg%3Ftype%3Dw450_fst_n%22&twidth=226&theight=226&opts=10
324,지장수 호박막걸리,"5,000",550ml,탁주,6.0,2.0,1.0,2.0,,1.0,,,,"겉절이 김치, 수육","국내산 쌀, 호박",낙천,https://dthumb-phinf.pstatic.net/?src=%22https%3A%2F%2Fdbscthumb-phinf.pstatic.net%2F5628_000_1%2F20181126164632764_MH61VW3RO.jpg%2Ffe115_33_i1.jpg%3Ftype%3Dw450_fst_n%22&twidth=226&theight=226&opts=10
325,지평 생 옛막걸리,"2,500",1700ml,탁주,5.0,4.0,1.0,2.0,,2.0,,,,파김치,"밀, 정제수, 국, 분말종국, 효모, 정제효소 등",지평주조,https://dthumb-phinf.pstatic.net/?src=%22https%3A%2F%2Fdbscthumb-phinf.pstatic.net%2F4776_000_1%2F20170113200526686_G12PA5BMM.jpg%2Ffe87_053_i1.jpg%3Ftype%3Dw450_fst_n%22&twidth=226&theight=226&opts=10
326,찰막걸리,"30,000",750ml,탁주,5.5,2.0,2.0,2.0,,3.0,,,,매운 음식,"정제수, 쌀, 밀가루, 찹쌀, 입국, 효모 정제효소제, 아스파탐",,https://dthumb-phinf.pstatic.net/?src=%22https%3A%2F%2Fdbscthumb-phinf.pstatic.net%2F4776_000_1%2F20170529155741770_M6PU99E38.jpg%2Ffe87_113_i1.jpg%3Ftype%3Dw450_fst_n%22&twidth=226&theight=226&opts=17
327,창원 생탁주,"1,000",750ml,탁주,6.0,3.0,3.0,3.0,,3.0,,,,"코다리찜, 가오리찜","쌀(국내산), 누룩, 효소, 아스파탐, 정제수",,https://dthumb-phinf.pstatic.net/?src=%22https%3A%2F%2Fdbscthumb-phinf.pstatic.net%2F4776_000_2%2F20200824192359016_T8GIKLAQK.jpg%2Ffe87_487_i1.jpg%3Ftype%3Dw450_fst_n%22&twidth=226&theight=226&opts=17
328,천지주가 생 막걸리,"1,400",750ml,탁주,6.0,3.0,2.0,1.0,,2.0,,,,피순대,"쌀, 정제수, 국, 효모",,https://dthumb-phinf.pstatic.net/?src=%22https%3A%2F%2Fdbscthumb-phinf.pstatic.net%2F4776_000_1%2F20170112175316094_001ZR3Q3L.jpg%2Ffe87_017_i1.jpg%3Ftype%3Dw450_fst_n%22&twidth=226&theight=226&opts=10
329,청산녹수 꿀막걸리,"18,000",750ml,탁주,8.0,1.0,2.0,4.0,,3.0,,,,양념갈비,"쌀(국내산), 벌꿀(국내산), 사과농축액, 효모, 정제효소",,https://dthumb-phinf.pstatic.net/?src=%22https%3A%2F%2Fdbscthumb-phinf.pstatic.net%2F4776_000_1%2F20181012195304406_557UQXFK6.jpg%2Ffe87_235_i1.jpg%3Ftype%3Dw450_fst_n%22&twidth=226&theight=226&opts=10
330,편백숲 산소막걸리,"1,900",750ml,탁주,5.2,3.0,3.0,3.0,,3.0,,,,"기름진 전, 고기류","쌀, 사과농축액,누룩,올리고당,아스파탐",청산녹수,https://dthumb-phinf.pstatic.net/?src=%22https%3A%2F%2Fdbscthumb-phinf.pstatic.net%2F4776_000_2%2F20200824183632844_UFBUG4804.jpg%2Ffe87_469_i1.jpg%3Ftype%3Dw450_fst_n%22&twidth=226&theight=226&opts=17
331,편백숲 산소막걸리 순수령,"4,000",750ml,탁주,5.8,3.0,1.0,4.0,,1.0,,,,"호두, 땅콩","찹쌀, 맵쌀, 누룩",청산녹수,https://dthumb-phinf.pstatic.net/?src=%22https%3A%2F%2Fdbscthumb-phinf.pstatic.net%2F4776_000_2%2F20200824183832249_4USUPPKG0.jpg%2Ffe87_470_i1.jpg%3Ftype%3Dw450_fst_n%22&twidth=226&theight=226&opts=17
332,풍정사계 추(秋),"15,000",500ml,탁주,12.0,1.0,2.0,2.0,,1.0,,,,홍어삼합,풍정사계 추(秋),화양,https://dthumb-phinf.pstatic.net/?src=%22https%3A%2F%2Fdbscthumb-phinf.pstatic.net%2F4776_000_1%2F20170522223833669_0EUEEC4P8.JPG%2Ffe87_218_i1.JPG%3Ftype%3Dw450_fst_n%22&twidth=226&theight=226&opts=17
333,해창 생 막걸리 12도,"10,000",900ml,탁주,12.0,1.0,1.0,4.0,,2.0,,,,꼬막 무침,"햅쌀, 찹쌀, 물, 누룩",,https://dthumb-phinf.pstatic.net/?src=%22https%3A%2F%2Fdbscthumb-phinf.pstatic.net%2F4776_000_1%2F20170112175236683_D4HK4M5EE.jpg%2Ffe87_014_i1.jpg%3Ftype%3Dw450_fst_n%22&twidth=226&theight=226&opts=10
334,해창 생막걸리 6도,"3,000",900ml,탁주,6.0,1.0,1.0,2.0,,3.0,,,,간재미 찜,"햅쌀, 찹쌀, 물, 누룩",해창주조장,https://dthumb-phinf.pstatic.net/?src=%22https%3A%2F%2Fdbscthumb-phinf.pstatic.net%2F4776_000_1%2F20170112175303692_Y55GB5JHV.jpg%2Ffe87_016_i1.jpg%3Ftype%3Dw450_fst_n%22&twidth=226&theight=226&opts=10
335,해창 생막걸리 9도,"6,000",900ml,탁주,9.0,1.0,1.0,2.0,,2.0,,,,전복구이,"햅쌀, 찹쌀, 물, 누룩",해창주조장,https://dthumb-phinf.pstatic.net/?src=%22https%3A%2F%2Fdbscthumb-phinf.pstatic.net%2F4776_000_1%2F20170112175250284_1UMVHIBO1.jpg%2Ffe87_015_i1.jpg%3Ftype%3Dw450_fst_n%22&twidth=226&theight=226&opts=10
336,호담 산양산삼 막걸리,"16,000",750ml,탁주,6.0,1.0,3.0,1.0,,3.0,,,,김치전,"쌀(경기미), 입국, 산양산삼, 정제수, 아스파탐",대농바이오우리산삼,https://dthumb-phinf.pstatic.net/?src=%22https%3A%2F%2Fdbscthumb-phinf.pstatic.net%2F4776_000_1%2F20181012223024906_4EPTO4SM6.jpg%2Ffe87_251_i1.jpg%3Ftype%3Dw450_fst_n%22&twidth=226&theight=226&opts=10
337,호랑이 생 막걸리,"2,200",750ml,탁주,6.0,4.0,1.0,4.0,,2.0,,,,중국음식,"물, 쌀(국내산),에리스리톨, 효모, 국, 젖산, 합성향료,밀함유",배혜정도가,https://dthumb-phinf.pstatic.net/?src=%22https%3A%2F%2Fdbscthumb-phinf.pstatic.net%2F4776_000_1%2F20170112175223742_GRU2WCA91.jpg%2Ffe87_013_i1.jpg%3Ftype%3Dw450_fst_n%22&twidth=226&theight=226&opts=10
338,홍천강 탁주,"10,000",500ml,탁주,11.0,2.0,3.0,2.0,,2.0,,,,양념갈비,"홍천 쌀, 정제수, 국(밀 누룩)",예술주조,https://dthumb-phinf.pstatic.net/?src=%22https%3A%2F%2Fdbscthumb-phinf.pstatic.net%2F4776_000_1%2F20170113201222630_MFBHZDN9S.jpg%2Ffe87_065_i1.jpg%3Ftype%3Dw450_fst_n%22&twidth=226&theight=226&opts=10
